Date,Open,High,Low,Close,Volume
2020-07-10,137790,206910,108000,114930,369
2020-07-13,116910,123273,110430,111690,98
2020-07-14,106380,108900,99000,104310,52
2020-07-15,104580,107280,99000,101700,19
2020-07-16,97920,101700,94590,95220,16
2020-07-17,94500,98370,93600,94590,12
2020-07-20,93600,96750,91872,93420,15
2020-07-21,93960,95940,87300,88200,29
2020-07-22,86490,86490,77130,78300,28
2020-07-23,76950,78300,72810,74970,20
2020-07-24,70830,74070,68400,72000,16
2020-07-27,72900,76770,69210,70110,11
2020-07-28,70740,77220,70560,75600,9
2020-07-29,75600,85500,75600,83250,12
2020-07-30,86220,86220,78300,79200,9
2020-07-31,79740,83502,78120,78660,4
2020-08-03,80190,83250,78390,78570,7
2020-08-04,80820,86130,78750,79650,10
2020-08-05,80100,82710,78579,78840,6
2020-08-06,78930,80910,77400,80370,6
2020-08-07,78480,80370,78030,78390,4
2020-08-10,77760,79875,75600,79380,4
2020-08-11,78210,79200,65070,76140,36
2020-08-12,72360,76320,72090,75150,5
2020-08-13,74700,76320,73170,75600,5
2020-08-14,76230,76977,72360,76950,5
2020-08-17,76950,77850,74430,77220,5
2020-08-18,76320,78741,73620,78030,7
2020-08-19,78750,81450,78165,80055,5
2020-08-20,81000,81810,80280,81450,8
2020-08-21,82530,82710,78300,81810,6
2020-08-24,81450,81450,78570,80640,5
2020-08-25,80370,81000,79200,80640,5
2020-08-26,79830,79830,75690,76500,10
2020-08-27,80640,82260,59940,69210,68
2020-08-28,67446,70830,64980,66150,5
2020-08-31,66510,69120,63000,64080,7
2020-09-01,64170,67950,63180,65160,10
2020-09-02,65160,68580,63000,64530,6
2020-09-03,64620,67410,63090,63630,3
2020-09-04,63630,64800,58680,61560,7
2020-09-08,61560,61830,58770,60030,3
2020-09-09,60390,63450,59850,60120,3
2020-09-10,59760,82800,59760,74880,182
2020-09-11,74160,84240,73800,73800,122
2020-09-14,73800,75528,67932,69750,13
2020-09-15,67410,71100,66600,67770,5
2020-09-16,68220,70200,67050,69390,7
2020-09-17,70560,70560,67860,67860,3
2020-09-18,67860,70650,67140,67500,5
2020-09-21,66600,68400,63990,64440,7
2020-09-22,63900,66240,63270,63450,4
2020-09-23,63180,65250,62550,63090,3
2020-09-24,62550,62820,59760,61380,2
2020-09-25,60570,64350,60210,61740,2
2020-09-28,64242,64242,61920,62820,1
2020-09-29,60750,63225,60300,62190,4
2020-09-30,62010,63720,60840,62910,2
2020-10-01,62640,66060,61380,64170,5
2020-10-02,64350,64800,61470,63720,4
2020-10-05,64170,64800,62550,64080,3
2020-10-06,63450,66060,62622,63630,9
2020-10-07,63900,65700,63090,64350,5
2020-10-08,65430,66870,63900,65250,6
2020-10-09,65880,66969,63180,63180,7
2020-10-12,64170,64260,62550,62550,3
2020-10-13,63720,64755,62640,62730,3
2020-10-14,63000,64890,63000,64440,2
2020-10-15,63720,64800,63000,63180,3
2020-10-16,63900,65160,63180,63180,4
2020-10-19,64170,64170,61200,62100,3
2020-10-20,62010,70290,61290,67500,43
2020-10-21,66375,68760,65700,65700,4
2020-10-22,65700,69030,65295,69030,12
2020-10-23,66780,71910,66060,68040,19
2020-10-26,69435,71703,66870,68850,14
2020-10-27,67770,71820,67770,68040,13
2020-10-28,67050,69561,65520,66060,15
2020-10-29,66240,67950,63450,64620,27
2020-10-30,63990,66150,61380,62460,15
2020-11-02,63270,64350,61830,62550,8
2020-11-03,61650,63990,60930,62010,6
2020-11-04,62469,63900,61200,61200,4
2020-11-05,61290,63270,61200,61290,5
2020-11-06,61110,63810,61110,62100,5
2020-11-09,63810,65250,62370,62370,3
2020-11-10,62991,63000,60930,61020,1
2020-11-11,61335,62910,61200,62550,1
2020-11-12,63000,63000,60840,60840,2
2020-11-13,60930,62748,60840,61785,5
2020-11-16,61893,65700,61020,63090,12
2020-11-17,64350,68850,62370,68850,18
2020-11-18,67860,68004,64800,64800,5
2020-11-19,65340,65700,63900,64170,3
2020-11-20,64917,66510,63270,63900,6
2020-11-23,63990,66960,63990,65790,7
2020-11-24,66420,73260,65250,72900,15
2020-11-25,74070,74610,67500,68670,19
2020-11-27,69660,79200,69660,76320,18
2020-11-30,78750,79659,73890,76590,15
2020-12-01,80262,80262,76590,77490,7
2020-12-02,76590,76725,71640,75870,16
2020-12-03,79290,79470,69930,72450,23
2020-12-04,72810,74250,68040,69570,9
2020-12-07,69300,69300,64890,65430,4
2020-12-08,65250,67320,64350,65700,3
2020-12-09,65160,66312,63900,64260,5
2020-12-10,64656,67230,64395,64530,9
2020-12-11,64440,67410,64440,65160,10
2020-12-14,65070,67860,64440,64800,14
2020-12-15,64512,68400,64512,68040,15
2020-12-16,67500,71100,66960,69300,18
2020-12-17,69840,71100,68310,68670,20
2020-12-18,71460,74520,70839,70920,10
2020-12-21,69750,74520,66609,73350,16
2020-12-22,73350,73350,69219,69390,17
2020-12-23,69840,72900,69840,70290,18
2020-12-24,70290,70290,66240,66510,6
2020-12-28,66690,68670,63225,63540,6
2020-12-29,64260,67500,63504,64890,16
2020-12-30,64710,67410,64710,65790,14
2020-12-31,65880,68940,65250,67860,20
2021-01-04,67410,67410,64170,64890,23
2021-01-05,65970,68400,64800,66780,20
2021-01-06,67680,69300,65700,66780,14
2021-01-07,67410,68400,65520,65520,14
2021-01-08,65520,67095,64350,64890,18
2021-01-11,64890,68220,64800,66600,16
2021-01-12,66600,76410,66600,74250,10
2021-01-13,74340,74340,71190,71190,4
2021-01-14,73890,73890,70200,70650,4
2021-01-15,70560,70830,66690,67770,15
2021-01-19,68400,70200,66330,67320,17
2021-01-20,67680,70650,66870,69210,9
2021-01-21,69570,70056,65790,66510,9
2021-01-22,66510,68400,66060,68040,15
2021-01-25,69120,71460,67050,70110,29
2021-01-26,71730,79200,71415,78120,37
2021-01-27,76950,76950,69390,71100,20
2021-01-28,70650,76500,70650,75600,9
2021-01-29,73710,75780,72900,72900,6
2021-02-01,76320,94320,74700,79650,91
2021-02-02,80010,81900,72000,74070,17
2021-02-03,74205,77850,74160,75780,6
2021-02-04,76680,78201,74520,76050,9
2021-02-05,77400,79740,76050,77220,6
2021-02-08,78030,79290,72000,72000,16
2021-02-09,75150,75150,68400,68670,21
2021-02-10,72090,73881,70110,71640,30
2021-02-11,71820,76500,70812,74970,21
2021-02-12,73890,76140,72000,73170,7
2021-02-16,75150,85140,73800,84960,53
2021-02-17,85500,85590,75420,77040,37
2021-02-18,78390,83520,75600,77580,20
2021-02-19,79920,82530,78390,80550,20
2021-02-22,79560,79560,73080,73980,22
2021-02-23,72000,72000,63900,70380,20
2021-02-24,70200,71550,68400,70290,7
2021-02-25,70650,71100,63000,63090,16
2021-02-26,64350,67410,61380,62820,12
2021-03-01,65250,66330,63000,63000,8
2021-03-02,63000,65331,63000,63090,4
2021-03-03,63270,64080,59130,59490,10
2021-03-04,59580,60660,54360,54360,14
2021-03-05,55350,57600,49554,52920,9
2021-03-08,52740,54531,50670,52110,8
2021-03-09,53460,57240,53100,53100,11
2021-03-10,54450,54810,51750,53550,5
2021-03-11,54990,59760,54000,59220,7
2021-03-12,58590,60570,57060,60570,7
2021-03-15,60480,62730,58050,59130,3
2021-03-16,59400,61560,57600,59490,6
2021-03-17,58590,60030,56700,58950,6
2021-03-18,58590,63630,58590,62640,9
2021-03-19,62730,63270,59112,63270,3
2021-03-22,62550,63765,59481,63720,12
2021-03-23,62280,62460,60030,61830,4
2021-03-24,62100,62100,55080,57150,6
2021-03-25,54000,56970,54000,56790,4
2021-03-26,58500,58500,52650,53460,8
2021-03-29,53460,55350,53370,53910,2
2021-03-30,54720,56520,52623,56340,1
2021-03-31,56340,56700,54270,55710,6
2021-04-01,55080,56628,54000,55080,2
2021-04-05,54180,56340,54090,54720,2
2021-04-06,54000,55350,53640,54540,2
2021-04-07,53442,55170,53370,55170,1
2021-04-08,54000,54360,53271,53910,1
2021-04-09,53190,54630,53190,54045,2
2021-04-12,53190,53640,52020,53640,2
2021-04-13,51750,52650,51300,51570,2
2021-04-14,51030,51660,47700,50400,6
2021-04-15,49860,50220,45180,45810,4
2021-04-16,45540,46287,44856,45630,4
2021-04-19,45450,45450,43200,43740,4
2021-04-20,42750,43560,41940,42615,5
2021-04-21,41760,47700,41760,47160,10
2021-04-22,45990,49500,45990,48600,7
2021-04-23,48060,48420,45090,46170,7
2021-04-26,45900,46350,45090,46170,6
2021-04-27,45900,46800,45090,46710,7
2021-04-28,46170,46440,45360,46350,8
2021-04-29,45720,45909,44550,45090,14
2021-04-30,44550,45117,42750,43650,12
2021-05-03,43470,46350,43290,45270,5
2021-05-04,44100,44100,41760,42390,8
2021-05-05,43200,46620,42480,45270,7
2021-05-06,45270,46260,44100,46170,5
2021-05-07,45090,45810,43650,44550,5
2021-05-10,44190,44730,43389,44730,5
2021-05-11,43470,44190,42390,44100,5
2021-05-12,44100,45450,43479,44820,8
2021-05-13,44280,45900,44100,45810,5
2021-05-14,45810,45990,43560,43740,6
2021-05-17,44100,44550,43200,43560,5
2021-05-18,43560,44280,43380,43380,5
2021-05-19,43290,43470,41850,41940,4
2021-05-20,42210,42840,41940,42390,5
2021-05-21,42570,42570,40950,41400,5
2021-05-24,41850,41850,40050,40500,7
2021-05-25,40500,40500,37260,37935,9
2021-05-26,37890,38880,37440,38250,10
2021-05-27,38430,38520,37800,38250,10
2021-05-28,38340,38520,37800,38070,2
2021-06-01,38250,38475,37620,38070,3
2021-06-02,38160,38340,37620,37800,2
2021-06-03,37890,38070,37620,37800,3
2021-06-04,37890,40320,37890,39960,6
2021-06-07,39600,39600,38700,39150,2
2021-06-08,38970,38970,37350,37890,6
2021-06-09,37980,40050,37800,39420,11
2021-06-10,39510,39510,37170,38340,7
2021-06-11,38430,39006,38430,38520,12
2021-06-14,38520,40860,37890,39960,22
2021-06-15,40320,40320,38520,38700,10
2021-06-16,38880,39240,38250,38430,5
2021-06-17,38340,38610,35640,36270,15
2021-06-18,36000,36000,34650,34650,9
2021-06-21,34650,35010,32940,33570,5
2021-06-22,33570,33570,30060,30600,16
2021-06-23,31140,32121,31032,31500,8
2021-06-24,32040,32490,31113,31680,7
2021-06-25,32850,34146,30690,30690,23
2021-06-28,30420,32130,30420,30960,10
2021-06-29,31050,38700,30600,36900,114
2021-06-30,36450,41760,36450,39870,56
2021-07-01,39510,39960,35640,36000,13
2021-07-02,35280,35460,33390,33570,7
2021-07-06,33570,35550,33570,34560,4
2021-07-07,35190,35190,32310,32580,7
2021-07-08,31590,32400,31050,31140,4
2021-07-09,31590,34380,31230,33210,26
2021-07-12,33210,33210,31320,31410,9
2021-07-13,31500,33030,30402,31950,13
2021-07-14,31662,31662,29430,29520,6
2021-07-15,29250,30096,27990,27990,7
2021-07-16,27900,27963,26010,26370,5
2021-07-19,26820,26820,22950,25830,12
2021-07-20,25470,25650,25200,25560,3
2021-07-21,25650,27540,25155,27180,14
2021-07-22,26910,27810,26550,27270,5
2021-07-23,26910,27180,25065,26280,7
2021-07-26,26100,26100,24030,24750,3
2021-07-27,24750,27270,22770,26550,20
2021-07-28,26280,28800,25110,27990,24
2021-07-29,27990,27990,26910,27450,2
2021-07-30,26910,27270,26190,26910,2
2021-08-02,26550,26775,24804,26460,1
2021-08-03,26640,28620,25200,25740,8
2021-08-04,26370,27900,25740,25830,4
2021-08-05,25650,28620,25200,27270,5
2021-08-06,26100,26379,25362,26010,1
2021-08-09,26820,26820,25884,26550,0
2021-08-10,26730,27702,26271,26460,1
2021-08-11,26280,26460,25380,25740,1
2021-08-12,25380,27990,25380,26550,7
2021-08-13,26190,26730,25380,25560,1
2021-08-16,25290,26370,23130,24390,2
2021-08-17,23850,25380,20880,22140,9
2021-08-18,22140,22140,20070,20520,10
2021-08-19,20970,21231,18000,18720,15
2021-08-20,18360,18900,18360,18450,2
2021-08-23,18360,20430,17928,20070,5
2021-08-24,20790,23580,19665,23220,9
2021-08-25,24660,25020,20430,21780,10
2021-08-26,22050,22410,20700,21330,3
2021-08-27,21060,21600,20430,21510,1
2021-08-30,21060,21150,19908,20520,1
2021-08-31,20520,20925,19890,19890,1
2021-09-01,20790,21303,20025,20880,3
2021-09-02,20610,23661,20610,21330,6
2021-09-03,21600,23220,20880,22500,4
2021-09-07,22140,27720,21258,26280,17
2021-09-08,26370,27891,23850,25830,3
2021-09-09,25830,26280,23400,26100,2
2021-09-10,25740,26190,24480,25020,6
2021-09-13,25200,26460,25020,26100,2
2021-09-14,25740,25830,23400,24390,1
2021-09-15,24750,26100,24030,24210,6
2021-09-16,24210,24570,23490,24300,1
2021-09-17,24480,26550,22590,24750,4
2021-09-20,24660,26460,22599,25650,3
2021-09-21,25020,26631,23643,25200,5
2021-09-22,25290,25920,23949,25110,2
2021-09-23,24480,28260,24480,27270,5
2021-09-24,26730,28080,24930,26280,10
2021-09-27,24570,27810,24300,26640,4
2021-09-28,26010,27450,23130,23940,5
2021-09-29,24030,24030,22680,23130,2
2021-09-30,23580,23670,22590,23490,2
2021-10-01,24210,25074,22500,23940,5
2021-10-04,23580,23940,22590,23085,3
2021-10-05,22770,23850,22590,22590,1
2021-10-06,22680,23310,22140,22410,3
2021-10-07,22500,22950,21780,22320,2
2021-10-08,22320,22410,22050,22050,1
2021-10-11,21510,22050,20655,21330,2
2021-10-12,21330,23076,20700,20880,3
2021-10-13,20970,21240,20259,20655,3
2021-10-14,21060,21060,20340,20430,1
2021-10-15,20520,20970,20340,20790,3
2021-10-18,21690,23310,20565,21330,8
2021-10-19,20790,22050,20520,21150,2
2021-10-20,20970,25200,19080,20520,114
2021-10-21,20070,21690,19998,21240,9
2021-10-22,20430,20520,18900,19080,11
2021-10-25,19350,19890,18900,19800,3
2021-10-26,19710,19935,19170,19620,2
2021-10-27,20250,20250,19440,19800,2
2021-10-28,19440,19440,18180,18990,6
2021-10-29,18900,19287,18360,18540,2
2021-11-01,17370,18900,17370,18000,11
2021-11-02,18540,18630,18000,18180,3
2021-11-03,18180,18720,18000,18540,1
2021-11-04,18630,18630,17550,17820,5
2021-11-05,18000,18000,17100,17550,6
2021-11-08,17460,18000,17100,17415,2
2021-11-09,17190,17730,16740,17280,5
2021-11-10,17190,17640,16290,16650,10
2021-11-11,16560,16740,15930,15930,7
2021-11-12,15930,17100,15750,16470,6
2021-11-15,16650,17100,15930,16920,2
2021-11-16,16830,17082,16200,16200,4
2021-11-17,16020,17010,15750,16290,9
2021-11-18,16200,16830,15768,16560,12
2021-11-19,16560,17730,15930,15930,25
2021-11-22,15930,16560,14940,15930,6
2021-11-23,16200,17100,15570,15660,20
2021-11-24,15300,16281,15120,16110,26
2021-11-26,15750,17190,15300,16200,9
2021-11-29,16290,16650,15120,15570,71
2021-11-30,15300,15570,14940,15120,4
2021-12-01,14850,15210,13770,13770,10
2021-12-02,13950,13950,10530,11430,42
2021-12-03,11385,11970,9450,9990,31
2021-12-06,9990,10035,9270,9810,3
2021-12-07,9783,10800,9360,10620,9
2021-12-08,10260,10710,9900,10620,4
2021-12-09,10800,10800,10440,10440,1
2021-12-10,10170,10620,9900,10080,3
2021-12-13,9810,9810,9360,9540,6
2021-12-14,9810,10530,8640,10440,47
2021-12-15,10260,10260,8910,9180,30
2021-12-16,9180,9450,8730,8874,15
2021-12-17,9000,9180,8748,8820,3
2021-12-20,9000,9000,7191,7920,24
2021-12-21,7875,7875,7065,7236,44
2021-12-22,7110,7470,7020,7380,14
2021-12-23,7920,7920,7029,7425,18
2021-12-27,7470,7830,6975,7830,24
2021-12-28,7740,7830,7380,7830,10
2021-12-29,7596,7830,7380,7695,8
2021-12-30,7740,9720,7200,9720,90
2021-12-31,9090,10305,9090,9990,30
2022-01-03,9990,10260,9270,9810,12
2022-01-04,9900,10800,9090,10800,25
2022-01-05,11610,11610,10332,10620,11
2022-01-06,10620,10980,9990,10710,9
2022-01-07,10530,10530,9369,9810,23
2022-01-10,9900,9945,8820,8910,10
2022-01-11,9000,9000,8010,8631,15
2022-01-12,8460,8820,7650,8505,40
2022-01-13,8127,8370,7920,8091,9
2022-01-14,7722,8388,7722,8055,8
2022-01-18,7938,8370,7794,7920,3
2022-01-19,8280,8451,8100,8190,4
2022-01-20,8370,8550,8100,8235,3
2022-01-21,8172,8523,7812,8370,3
2022-01-24,8550,8550,7470,7839,5
2022-01-25,7902,8550,7380,7929,4
2022-01-26,8190,8190,7398,8100,4
2022-01-27,7470,8010,6984,6984,8
2022-01-28,7173,7290,6840,6840,9
2022-01-31,7002,7641,6759,7461,8
2022-02-01,7650,7857,7200,7857,2
2022-02-02,7920,7920,7371,7371,2
2022-02-03,7659,7659,6930,7200,1
2022-02-04,7380,7542,7029,7290,2
2022-02-07,7974,8091,6759,6966,2
2022-02-08,7020,7290,6759,7200,4
2022-02-09,7200,7830,7155,7470,2
2022-02-10,7290,7740,7200,7398,2
2022-02-11,7623,7641,6768,7020,6
2022-02-14,7290,7290,7020,7173,3
2022-02-15,7290,7578,6930,7245,2
2022-02-16,7020,7290,5490,6696,15
2022-02-17,6516,6786,5580,5580,5
2022-02-18,5643,6372,5643,5886,4
2022-02-22,6075,6156,5850,5985,2
2022-02-23,6165,6165,5670,5670,3
2022-02-24,5850,5850,5490,5850,5
2022-02-25,5670,6300,5220,6300,1
2022-02-28,6300,6300,5256,6030,2
2022-03-01,6120,6120,5760,5967,0
2022-03-02,5850,6300,5670,6120,2
2022-03-03,5760,6390,5760,6300,54
2022-03-04,6390,6660,5769,6120,21
2022-03-07,6120,6120,5589,5589,9
2022-03-08,5580,5850,5220,5490,12
2022-03-09,5490,5940,5220,5580,21
2022-03-10,5481,5733,4896,5058,36
2022-03-11,5085,5112,4500,4635,8
2022-03-14,4374,4815,4140,4581,7
2022-03-15,4527,4770,4059,4410,8
2022-03-16,4761,5220,4680,5220,36
2022-03-17,5103,6282,5103,6210,17
2022-03-18,6138,6597,5670,6210,32
2022-03-21,6426,6426,5715,6300,11
2022-03-22,6300,6660,6120,6570,9
2022-03-23,6444,7461,6309,6750,29
2022-03-24,6750,7371,6525,7101,8
2022-03-25,7020,7020,6120,6300,7
2022-03-28,6300,6570,5985,6570,4
2022-03-29,6192,6480,5580,6048,19
2022-03-30,6039,6210,5670,6030,5
2022-03-31,6210,6210,5400,5535,4
2022-04-01,5670,5940,5670,5850,3
2022-04-04,5940,6030,5598,5760,8
2022-04-05,5850,5850,5490,5760,3
2022-04-06,5760,5760,5238,5571,5
2022-04-07,5544,5670,5238,5472,3
2022-04-08,5481,5481,5040,5472,5
2022-04-11,5040,5841,5040,5220,2
2022-04-12,5040,5580,5040,5040,2
2022-04-13,5580,5580,5121,5391,5
2022-04-14,5040,5400,5040,5130,2
2022-04-18,5130,5391,5040,5040,6
2022-04-19,5292,5481,5040,5391,3
2022-04-20,5490,5490,4950,5076,6
2022-04-21,5265,5265,4500,5040,4
2022-04-22,4950,5031,4599,5031,3
2022-04-25,4626,4941,4626,4941,2
2022-04-26,4635,4635,4500,4500,1
2022-04-27,4500,4815,4059,4680,6
2022-04-28,5175,5175,3870,4563,6
2022-04-29,4500,4860,4320,4635,1
2022-05-02,4590,4932,4320,4320,1
2022-05-03,4500,4923,3870,4410,2
2022-05-04,4500,4500,4140,4410,1
2022-05-05,3870,4770,3798,4500,3
2022-05-06,4446,4446,3870,3960,2
2022-05-09,4140,4500,3870,3960,6
2022-05-10,4050,4482,3870,4203,2
2022-05-11,3933,4005,3870,3870,2
2022-05-12,3519,3699,2988,3483,6
2022-05-13,3510,4032,3429,3609,5
2022-05-16,3492,3609,3483,3600,0
2022-05-17,3870,3870,3600,3627,4
2022-05-18,3555,3600,3528,3573,0
2022-05-19,3573,3573,3420,3429,1
2022-05-20,3294,3339,3150,3150,3
2022-05-23,3150,3168,2799,3150,6
2022-05-24,2979,3177,2961,2970,3
2022-05-25,3015,3060,2790,3051,4
2022-05-26,2862,3240,2790,3150,2
2022-05-27,3060,3240,2880,3168,2
2022-05-31,3240,3240,2880,3213,6
2022-06-01,2970,3195,2880,2970,2
2022-06-02,2970,3222,2790,3222,9
2022-06-03,2979,3222,2979,3222,3
2022-06-06,3240,3240,3006,3195,5
2022-06-07,4032,4797,2970,3600,21
2022-06-08,2880,3870,2880,3870,22
2022-06-09,3870,4320,3510,4320,26
2022-06-10,4230,4230,3663,3870,10
2022-06-13,3573,3573,2970,3150,10
2022-06-14,3330,3573,3330,3330,5
2022-06-15,3402,3402,2979,3240,4
2022-06-16,3150,3393,3150,3375,2
2022-06-17,3402,4050,3402,3483,6
2022-06-21,3195,3510,3195,3375,2
2022-06-22,3150,3456,3150,3312,1
2022-06-23,3429,3780,3294,3654,6
2022-06-24,3582,3960,3501,3690,3
2022-06-27,3870,3870,3420,3753,4
2022-06-28,3510,3960,3510,3960,1
2022-06-29,3870,3960,3168,3861,2
2022-06-30,3330,3600,3195,3582,1
2022-07-01,3564,3564,2979,3555,2
2022-07-05,3555,3555,3294,3555,3
2022-07-06,3330,3420,3330,3420,0
2022-07-07,3510,3780,3375,3717,2
2022-07-08,3735,3735,3393,3663,1
2022-07-11,3465,3510,3177,3330,2
2022-07-12,3330,3510,3150,3258,3
2022-07-13,3420,3456,3150,3456,0
2022-07-14,3159,3447,2763,3186,13
2022-07-15,3186,3186,2700,2799,18
2022-07-18,2880,2880,2799,2871,2
2022-07-19,2880,2988,2700,2835,6
2022-07-20,2835,3510,2718,3213,9
2022-07-21,3213,3420,3060,3366,7
2022-07-22,3330,3420,2790,3330,6
2022-07-25,3213,3249,2790,2790,4
2022-07-26,3024,3240,2790,2997,7
2022-07-27,3024,3150,2880,3006,3
2022-07-28,2880,3141,2826,2970,7
2022-07-29,2853,3150,2853,3132,1
2022-08-01,3240,3240,2853,3123,4
2022-08-02,3015,3105,2790,3042,3
2022-08-03,2997,3141,2790,2943,4
2022-08-04,2952,6570,2880,4050,490
2022-08-05,3510,5400,3420,4680,112
2022-08-08,4950,4950,4320,4410,26
2022-08-09,4266,4266,3438,3852,35
2022-08-10,3852,3852,3510,3762,13
2022-08-11,4230,4698,3915,4095,51
2022-08-12,380.70001220703125,568.7999877929688,371.07000732421875,432,4332
2022-08-15,424.79998779296875,424.79998779296875,359.4599914550781,380.70001220703125,1658
2022-08-16,380.70001220703125,403.20001220703125,360,390.6000061035156,1103
2022-08-17,379.79998779296875,472.5,378.8999938964844,414,2926
2022-08-18,407.70001220703125,421.20001220703125,378.8999938964844,405,1491
2022-08-19,405.8999938964844,481.5,373.5,435.6000061035156,4399
2022-08-22,397.79998779296875,464.3999938964844,382.5,402.29998779296875,1360
2022-08-23,379.79998779296875,408.4200134277344,360.8999938964844,393.0299987792969,1061
2022-08-24,382.5899963378906,409.95001220703125,369.8999938964844,395.1000061035156,469
2022-08-25,393.29998779296875,406.79998779296875,352.79998779296875,376.6499938964844,1938
2022-08-26,376.20001220703125,395.1000061035156,357.29998779296875,359.1000061035156,1480
2022-08-29,355.5,355.5,315.8999938964844,328.5,1492
2022-08-30,342.8999938964844,381.6000061035156,293.3999938964844,306.8999938964844,1630
2022-08-31,307.79998779296875,323.1000061035156,288,311.3999938964844,526
2022-09-01,315,394.20001220703125,303.29998779296875,325.79998779296875,13192
2022-09-02,343.79998779296875,343.79998779296875,280.79998779296875,290.70001220703125,2150
2022-09-06,275.3999938964844,275.3999938964844,237.60000610351562,255.60000610351562,1287
2022-09-07,243,254.6999969482422,235.8000030517578,246.60000610351562,542
2022-09-08,245.6999969482422,288,228.60000610351562,256.5,7187
2022-09-09,241.1999969482422,255.60000610351562,240.3000030517578,247.5,15350
2022-09-12,292.5,313.20001220703125,247.5,272.70001220703125,22021
2022-09-13,248.39999389648438,267.29998779296875,243,248.39999389648438,2518
2022-09-14,239.39999389648438,282.6000061035156,223.1999969482422,271.79998779296875,3922
2022-09-15,269.1000061035156,269.1000061035156,240.3000030517578,243.99000549316406,986
2022-09-16,240.3000030517578,240.3000030517578,207,211.5,1417
2022-09-19,210.60000610351562,215.5500030517578,197.10000610351562,198,411
2022-09-20,197.10000610351562,205.1999969482422,189,189.89999389648438,206
2022-09-21,189,195.83999633789062,153.6300048828125,156.60000610351562,1294
2022-09-22,157.5,181.52999877929688,135.89999389648438,169.1999969482422,1021
2022-09-23,170.10000610351562,171.89999389648438,144.89999389648438,151.1999969482422,343
2022-09-26,153,162,144,146.6999969482422,122
2022-09-27,160.64999389648438,171,147.60000610351562,154.8000030517578,1262
2022-09-28,165.60000610351562,165.60000610351562,147.77999877929688,153.89999389648438,201
2022-09-29,146.6999969482422,153.89999389648438,146.6999969482422,149.39999389648438,106
2022-09-30,149.39999389648438,162.08999633789062,149.39999389648438,158.49000549316406,140
2022-10-03,157.5,166.5,156.60000610351562,164.07000732421875,223
2022-10-04,159.3000030517578,174.60000610351562,159.3000030517578,174.60000610351562,297
2022-10-05,165.60000610351562,171,163.8000030517578,165.60000610351562,192
2022-10-06,165.60000610351562,167.39999389648438,157.5,157.5,170
2022-10-07,157.5,161.82000732421875,153.89999389648438,159.3000030517578,146
2022-10-10,157.9499969482422,157.9499969482422,145.8000030517578,145.8000030517578,137
2022-10-11,157.41000366210938,157.41000366210938,140.39999389648438,140.39999389648438,210
2022-10-12,144,146.97000122070312,127.80000305175781,127.80000305175781,366
2022-10-13,124.19999694824219,132.3000030517578,121.5,121.5,950
2022-10-14,128.42999267578125,131.85000610351562,117.9000015258789,119.69999694824219,324
2022-10-17,120.69000244140625,130.5,120.5999984741211,126.9000015258789,70
2022-10-18,127.80000305175781,151.1999969482422,126.9000015258789,127.80000305175781,2539
2022-10-19,133.64999389648438,133.64999389648438,119.69999694824219,130.0500030517578,373
2022-10-20,131.39999389648438,143.10000610351562,124.19999694824219,130.5,619
2022-10-21,126,135,121.5,126,166
2022-10-24,114.30000305175781,125.0999984741211,111.5999984741211,111.5999984741211,443
2022-10-25,113.4000015258789,117.9000015258789,108,114.30000305175781,211
2022-10-26,117.18000030517578,135.99000549316406,115.19999694824219,123.30000305175781,573
2022-10-27,125.0999984741211,132.3000030517578,122.4000015258789,125.0999984741211,78
2022-10-28,126,126,121.5,124.19999694824219,84
2022-10-31,126,127.52999877929688,113.4000015258789,113.4000015258789,97
2022-11-01,124.19999694824219,124.19999694824219,107.0999984741211,110.69999694824219,83
2022-11-02,119.69999694824219,124.19999694824219,117,123.30000305175781,33
2022-11-03,109.80000305175781,128.61000061035156,109.80000305175781,118.80000305175781,334
2022-11-04,128.25,153,126,126.9000015258789,611
2022-11-07,127.88999938964844,130.67999267578125,122.4000015258789,126,107
2022-11-08,122.4000015258789,125.0999984741211,117.98999786376953,121.5,51
2022-11-09,123.30000305175781,127.3499984741211,114.30000305175781,116.01000213623047,142
2022-11-10,112.5,130.32000732421875,112.5,119.69999694824219,176
2022-11-11,132.2100067138672,132.2100067138672,123.30000305175781,129.60000610351562,46
2022-11-14,133.1999969482422,136.8000030517578,131.39999389648438,132.3000030517578,124
2022-11-15,189,193.5,126.9000015258789,154.8000030517578,149884
2022-11-16,144.89999389648438,148.5,137.6999969482422,144,6222
2022-11-17,135.89999389648438,161.10000610351562,135.89999389648438,149.5800018310547,11792
2022-11-18,174.60000610351562,183.60000610351562,151.1999969482422,160.1999969482422,34854
2022-11-21,142.1999969482422,151.1999969482422,131.0399932861328,134.10000610351562,3983
2022-11-22,132.3000030517578,144,121.5,139.5,1956
2022-11-23,135,137.6999969482422,121.5,130.5,1629
2022-11-25,122.4000015258789,129.60000610351562,121.68000030517578,127.3499984741211,439
2022-11-28,123.30000305175781,126,108.9000015258789,115.19999694824219,1641
2022-11-29,117.9000015258789,129.4199981689453,117.9000015258789,123.30000305175781,2038
2022-11-30,126,129.60000610351562,117,126.9000015258789,3703
2022-12-01,126.9000015258789,130.5,124.19999694824219,124.19999694824219,1226
2022-12-02,124.19999694824219,130.5,112.5,129.05999755859375,2909
2022-12-05,138.60000610351562,144,131.39999389648438,138.60000610351562,3216
2022-12-06,137.6999969482422,138.60000610351562,116.0999984741211,128.6999969482422,3152
2022-12-07,125.0999984741211,125.0999984741211,108,118.80000305175781,1716
2022-12-08,122.04000091552734,135,122.04000091552734,127.62000274658203,1111
2022-12-09,133.1999969482422,135.89999389648438,121.5,130.5,899
2022-12-12,127.80000305175781,131.39999389648438,119.69999694824219,130.0500030517578,324
2022-12-13,131.39999389648438,135,124.19999694824219,126,772
2022-12-14,128.6999969482422,131.39999389648438,121.5,128.6999969482422,210
2022-12-15,128.6999969482422,128.6999969482422,113.4000015258789,118.80000305175781,582
2022-12-16,119.69999694824219,124.11000061035156,116.0999984741211,118.80000305175781,1152
2022-12-19,115.19999694824219,123.20999908447266,115.19999694824219,116.0999984741211,382
2022-12-20,114.30000305175781,117.9000015258789,107.7300033569336,114.30000305175781,827
2022-12-21,115.19999694824219,123.12000274658203,108.9000015258789,117,646
2022-12-22,113.4000015258789,113.4000015258789,105.30000305175781,112.5,542
2022-12-23,114.30000305175781,114.30000305175781,96.30000305175781,105.30000305175781,527
2022-12-27,102.5999984741211,110.25,102.5999984741211,108.9000015258789,241
2022-12-28,105.56999969482422,110.69999694824219,103.5,104.76000213623047,194
2022-12-29,102.5999984741211,113.4000015258789,102.5999984741211,107.0999984741211,770
2022-12-30,101.69999694824219,111.5999984741211,101.69999694824219,108,149
2023-01-03,108.9000015258789,117,107.0999984741211,114.66000366210938,616
2023-01-04,114.30000305175781,126.9000015258789,114.30000305175781,123.30000305175781,464
2023-01-05,126,143.10000610351562,120.77999877929688,138.60000610351562,1501
2023-01-06,144,144,129.60000610351562,133.1999969482422,742
2023-01-09,130.5,135,128.7899932861328,132.3000030517578,769
2023-01-10,135,142.1999969482422,130.5,137.6999969482422,646
2023-01-11,141.3000030517578,141.3000030517578,135.89999389648438,137.6999969482422,567
2023-01-12,138.60000610351562,138.60000610351562,123.30000305175781,133.1999969482422,869
2023-01-13,129.60000610351562,143.10000610351562,128.6999969482422,141.3000030517578,736
2023-01-17,147.60000610351562,147.60000610351562,133.1999969482422,135.89999389648438,440
2023-01-18,133.1999969482422,141.3000030517578,133.1999969482422,136.8000030517578,484
2023-01-19,138.60000610351562,139.5,131.39999389648438,139.5,244
2023-01-20,135,139.5,128.6999969482422,138.60000610351562,618
2023-01-23,138.60000610351562,147.24000549316406,138.60000610351562,141.3000030517578,741
2023-01-24,141.3000030517578,143.10000610351562,139.5,139.5,129
2023-01-25,138.60000610351562,141.75,135.89999389648438,138.60000610351562,152
2023-01-26,140.39999389648438,140.75999450683594,131.39999389648438,131.39999389648438,592
2023-01-27,135.80999755859375,141.3000030517578,133.1999969482422,135,550
2023-01-30,129.60000610351562,136.8000030517578,126,128.6999969482422,410
2023-01-31,130.5,133.1999969482422,127.9800033569336,129.60000610351562,167
2023-02-01,127.80000305175781,132.3000030517578,126.9000015258789,129.60000610351562,450
2023-02-02,129.60000610351562,133.1999969482422,126,131.39999389648438,299
2023-02-03,128.97000122070312,141.3000030517578,128.97000122070312,140.39999389648438,1598
2023-02-06,137.6999969482422,142.3800048828125,134.10000610351562,134.10000610351562,574
2023-02-07,133.1999969482422,170.10000610351562,130.5,169.1999969482422,5592
2023-02-08,169.1999969482422,169.1999969482422,139.5,156.24000549316406,1930
2023-02-09,157.5,160.1999969482422,147.60000610351562,147.60000610351562,1146
2023-02-10,153,153,140.39999389648438,144.89999389648438,764
2023-02-13,149.30999755859375,156.60000610351562,144.89999389648438,150.3000030517578,310
2023-02-14,146.25,153,146.07000732421875,147.60000610351562,127
2023-02-15,151.9199981689453,153.5399932861328,143.10000610351562,145.8000030517578,441
2023-02-16,140.39999389648438,155.6999969482422,138.60000610351562,144.89999389648438,798
2023-02-17,140.94000244140625,148.22999572753906,139.5,140.39999389648438,282
2023-02-21,141.3000030517578,150.3000030517578,136.8000030517578,137.6999969482422,437
2023-02-22,143.10000610351562,144,135.5399932861328,137.6999969482422,163
2023-02-23,140.39999389648438,146.6999969482422,137.6999969482422,145.8000030517578,613
2023-02-24,141.3000030517578,144,111.5999984741211,127.80000305175781,1116
2023-02-27,129.60000610351562,135,114.30000305175781,119.69999694824219,726
2023-02-28,119.69999694824219,130.5,119.69999694824219,129.60000610351562,473
2023-03-01,126,132.3000030517578,120.5999984741211,120.5999984741211,708
2023-03-02,121.5,126.9000015258789,121.5,122.4000015258789,217
2023-03-03,124.19999694824219,127.80000305175781,121.5,123.30000305175781,138
2023-03-06,118.80000305175781,124.19999694824219,118.80000305175781,124.19999694824219,149
2023-03-07,124.19999694824219,126,121.5,122.4000015258789,382
2023-03-08,123.30000305175781,125.0999984741211,118.80000305175781,121.5,237
2023-03-09,124.19999694824219,124.19999694824219,117,117,231
2023-03-10,117.44999694824219,121.5,108,113.48999786376953,736
2023-03-13,108.9000015258789,112.94999694824219,104.4000015258789,107.0999984741211,332
2023-03-14,119.69999694824219,139.5,115.19999694824219,126,2073
2023-03-15,126,133.1999969482422,119.69999694824219,123.30000305175781,398
2023-03-16,122.8499984741211,129.60000610351562,116.0999984741211,119.69999694824219,410
2023-03-17,128.6999969482422,132.3000030517578,123.30000305175781,126.9000015258789,667
2023-03-20,121.5,126.80999755859375,108,113.4000015258789,849
2023-03-21,113.4000015258789,119.69999694824219,108.08999633789062,117,791
2023-03-22,117,121.5,114.30000305175781,114.30000305175781,214
2023-03-23,114.30000305175781,117.9000015258789,112.5,115.19999694824219,138
2023-03-24,115.19999694824219,122.4000015258789,113.4000015258789,117.9000015258789,692
2023-03-27,115.19999694824219,124.19999694824219,115.19999694824219,117.9000015258789,103
2023-03-28,117.9000015258789,125.19000244140625,117,120.5999984741211,164
2023-03-29,124.83000183105469,125.27999877929688,117.9000015258789,117.9000015258789,120
2023-03-30,122.12999725341797,130.5,117.9000015258789,124.19999694824219,612
2023-03-31,126.9000015258789,134.10000610351562,123.30000305175781,124.19999694824219,478
2023-04-03,134.10000610351562,135,126.9000015258789,126.9000015258789,387
2023-04-04,126.9000015258789,142.1999969482422,126.9000015258789,136.88999938964844,672
2023-04-05,137.6999969482422,140.39999389648438,127.80000305175781,127.80000305175781,489
2023-04-06,139.5,139.5,127.80000305175781,136.8000030517578,111
2023-04-10,136.8000030517578,136.8000030517578,128.6999969482422,128.6999969482422,204
2023-04-11,130.5,135,128.6999969482422,135,380
2023-04-12,135,136.97999572753906,125.0999984741211,130.5,467
2023-04-13,135,162,134.10000610351562,150.3000030517578,1557
2023-04-14,169.1999969482422,175.5,128.6999969482422,160.1999969482422,3039
2023-04-17,157.86000061035156,158.39999389648438,137.6999969482422,139.5,932
2023-04-18,144,146.6999969482422,126.9000015258789,136.8000030517578,1169
2023-04-19,150.3000030517578,150.3000030517578,126.9000015258789,139.5,999
2023-04-20,139.5,143.82000732421875,135,140.39999389648438,171
2023-04-21,142.1999969482422,145.8000030517578,128.07000732421875,135,958
2023-04-24,143.10000610351562,161.10000610351562,132.3000030517578,138.60000610351562,1459
2023-04-25,134.10000610351562,138.60000610351562,126.9000015258789,127.80000305175781,183
2023-04-26,128.6999969482422,129.60000610351562,125.0999984741211,125.0999984741211,330
2023-04-27,128.6999969482422,137.6999969482422,123.30000305175781,126.9000015258789,423
2023-04-28,133.1999969482422,135,127.80000305175781,134.5500030517578,35133
2023-05-01,326.70001220703125,486,189,217.8000030517578,679556
2023-05-02,243,341.1000061035156,216.89999389648438,216.89999389648438,142564
2023-05-03,235.8000030517578,240.83999633789062,193.5,225,17253
2023-05-04,239.39999389648438,255.60000610351562,189.89999389648438,199.8000030517578,8733
2023-05-05,189.89999389648438,203.39999389648438,169.1999969482422,180.89999389648438,5089
2023-05-08,179.10000610351562,190.8000030517578,171.89999389648438,190.8000030517578,2140
2023-05-09,182.6999969482422,189,172.8000030517578,180.89999389648438,1393
2023-05-10,175.5,203.39999389648438,171,197.10000610351562,3286
2023-05-11,190.8000030517578,211.5,190.8000030517578,194.39999389648438,2720
2023-05-12,191.6999969482422,198.89999389648438,175.67999267578125,184.5,1329
2023-05-15,181.8000030517578,193.5,180,182.6999969482422,570
2023-05-16,184.5,190.8000030517578,171.89999389648438,179.10000610351562,1514
2023-05-17,177.3000030517578,184.58999633789062,173.6999969482422,184.5,1133
2023-05-18,179.10000610351562,184.5,175.5,175.5,457
2023-05-19,182.6999969482422,182.6999969482422,153,157.5,1188
2023-05-22,168.3000030517578,169.1999969482422,153,153,727
2023-05-23,153,160.11000061035156,153,155.6999969482422,402
2023-05-24,148.5,153,143.10000610351562,145.0800018310547,886
2023-05-25,146.6999969482422,153,144,151.1999969482422,388
2023-05-26,180,197.10000610351562,157.9499969482422,172.8000030517578,53034
2023-05-30,153,171,153,169.1999969482422,2179
2023-05-31,163.8000030517578,174.69000244140625,155.6999969482422,162,1451
2023-06-01,157.5,186.3000030517578,157.5,185.39999389648438,1722
2023-06-02,182.6999969482422,198,182.6999969482422,196.1999969482422,1924
2023-06-05,190.8000030517578,197.10000610351562,186.3000030517578,188.10000610351562,441
2023-06-06,188.10000610351562,198,183.60000610351562,197.10000610351562,899
2023-06-07,197.10000610351562,197.10000610351562,185.39999389648438,192.60000610351562,561
2023-06-08,186.3000030517578,195.3000030517578,178.1999969482422,182.6999969482422,630
2023-06-09,183.60000610351562,186.3000030517578,170.10000610351562,175.5,651
2023-06-12,172.8000030517578,179.10000610351562,167.39999389648438,173.6999969482422,611
2023-06-13,173.6999969482422,189,168.3000030517578,186.3000030517578,379
2023-06-14,188.10000610351562,196.1999969482422,171,180.89999389648438,513
2023-06-15,176.39999389648438,187.1999969482422,176.39999389648438,186.3000030517578,293
2023-06-16,189.89999389648438,219.60000610351562,182.6999969482422,219.60000610351562,3136
2023-06-20,219.60000610351562,229.5,189.89999389648438,203.39999389648438,1374
2023-06-21,197.10000610351562,208.44000244140625,196.1999969482422,203.39999389648438,396
2023-06-22,196.1999969482422,203.39999389648438,190.8000030517578,194.39999389648438,339
2023-06-23,193.5,198.89999389648438,180.89999389648438,191.6999969482422,370
2023-06-26,188.5500030517578,188.5500030517578,171,171.89999389648438,446
2023-06-27,174.60000610351562,177.75,169.1999969482422,173.6999969482422,132
2023-06-28,174.9600067138672,191.6999969482422,171.08999633789062,188.10000610351562,283
2023-06-29,182.6999969482422,195.3000030517578,178.1999969482422,194.39999389648438,212
2023-06-30,197.10000610351562,203.39999389648438,178.1999969482422,182.6999969482422,316
2023-07-03,176.39999389648438,182.25,171.89999389648438,179.10000610351562,791
2023-07-05,180,180.89999389648438,172.8000030517578,172.8000030517578,330
2023-07-06,168.3000030517578,171.89999389648438,162,167.39999389648438,460
2023-07-07,171.89999389648438,180,168.3000030517578,171,524
2023-07-10,174.60000610351562,177.3000030517578,171.89999389648438,171.89999389648438,61
2023-07-11,175.5,180,171.89999389648438,176.39999389648438,238
2023-07-12,175.5,179.10000610351562,175.5,177.3000030517578,197
2023-07-13,177.3000030517578,198,177.3000030517578,188.10000610351562,626
2023-07-14,189.89999389648438,190.8000030517578,171,171.89999389648438,638
2023-07-17,172.8000030517578,176.39999389648438,171,174.05999755859375,142
2023-07-18,171.89999389648438,174.60000610351562,170.10000610351562,172.8000030517578,148
2023-07-19,179.10000610351562,183.60000610351562,172.8000030517578,175.5,179
2023-07-20,175.5,178.1999969482422,169.1999969482422,174.60000610351562,197
2023-07-21,167.5800018310547,174.60000610351562,166.9499969482422,168.3000030517578,294
2023-07-24,162.89999389648438,172.8000030517578,162.89999389648438,169.1999969482422,249
2023-07-25,171,174.69000244140625,169.1999969482422,170.10000610351562,130
2023-07-26,174.60000610351562,185.39999389648438,171,182.6999969482422,1129
2023-07-27,185.39999389648438,186.3000030517578,176.39999389648438,183.60000610351562,117
2023-07-28,184.5,185.39999389648438,171.89999389648438,177.3000030517578,511
2023-07-31,175.5,184.5,175.5,180.89999389648438,269
2023-08-01,177.3000030517578,177.3000030517578,166.5,170.10000610351562,474
2023-08-02,169.2899932861328,172.8000030517578,165.60000610351562,172.8000030517578,167
2023-08-03,168.3000030517578,182.6999969482422,167.39999389648438,171.89999389648438,534
2023-08-04,173.6999969482422,175.5,160.1999969482422,165.60000610351562,641
2023-08-07,160.1999969482422,162,153,156.60000610351562,536
2023-08-08,154.8000030517578,157.5,153.89999389648438,155.6999969482422,193
2023-08-09,157.9499969482422,158.39999389648438,148.5,151.1999969482422,397
2023-08-10,154.8000030517578,162.89999389648438,146.25,155.6999969482422,228
2023-08-11,148.5,153,147.60000610351562,150.3000030517578,157
2023-08-14,151.55999755859375,161.10000610351562,145.25999450683594,152.10000610351562,369
2023-08-15,155.6999969482422,155.6999969482422,137.6999969482422,143.10000610351562,467
2023-08-16,136.8000030517578,142.1999969482422,136.8000030517578,138.60000610351562,164
2023-08-17,141.66000366210938,152.10000610351562,136.8000030517578,152.10000610351562,393
2023-08-18,143.10000610351562,148.5,137.33999633789062,143.10000610351562,193
2023-08-21,138.60000610351562,141.3000030517578,138.60000610351562,139.5,93
2023-08-22,140.85000610351562,140.85000610351562,138.60000610351562,138.60000610351562,107
2023-08-23,144.89999389648438,146.6999969482422,139.5,140.39999389648438,154
2023-08-24,142.1999969482422,147.69000244140625,138.60000610351562,139.5,362
2023-08-25,138.60000610351562,139.5,136.8000030517578,137.6999969482422,84
2023-08-28,144,152.10000610351562,135.89999389648438,142.1999969482422,561
2023-08-29,141.3000030517578,156.60000610351562,140.39999389648438,151.1999969482422,562
2023-08-30,153.89999389648438,175.5,152.10000610351562,170.10000610351562,736
2023-08-31,144,189,135.89999389648438,181.35000610351562,10442
2023-09-01,183.60000610351562,192.60000610351562,139.5,155.6999969482422,4144
2023-09-05,147.60000610351562,149.85000610351562,137.6999969482422,146.6999969482422,839
2023-09-06,148.5,157.5,143.10000610351562,144,882
2023-09-07,141.3000030517578,153,130.5,152.10000610351562,1377
2023-09-08,145.8000030517578,153.89999389648438,140.39999389648438,148.5,290
2023-09-11,151.1999969482422,155.6999969482422,148.5,149.39999389648438,220
2023-09-12,146.6999969482422,150.3000030517578,138.60000610351562,142.3800048828125,587
2023-09-13,139.5,146.6999969482422,131.39999389648438,140.39999389648438,362
2023-09-14,145.8000030517578,153,139.5,145.8000030517578,612
2023-09-15,150.3000030517578,150.3000030517578,138.60000610351562,139.5,213
2023-09-18,139.5,141.75,136.8000030517578,136.8000030517578,126
2023-09-19,136.8000030517578,136.8000030517578,135,135,80
2023-09-20,135,137.6999969482422,130.5,131.39999389648438,151
2023-09-21,125.0999984741211,126.9000015258789,115.19999694824219,122.4000015258789,313
2023-09-22,119.69999694824219,133.1999969482422,119.69999694824219,128.6999969482422,170
2023-09-25,123.30000305175781,128.6999969482422,123.30000305175781,126,70
2023-09-26,128.6999969482422,128.6999969482422,119.69999694824219,119.69999694824219,63
2023-09-27,123.12000274658203,123.30000305175781,122.4000015258789,123.30000305175781,27
2023-09-28,122.4000015258789,127.80000305175781,119.69999694824219,123.30000305175781,264
2023-09-29,126,127.80000305175781,121.5,121.5,79
2023-10-02,121.5,123.30000305175781,114.30000305175781,114.30000305175781,418
2023-10-03,112.68000030517578,120.23999786376953,109.80000305175781,112.5,106
2023-10-04,113.4000015258789,117,109.80000305175781,110.69999694824219,123
2023-10-05,110.69999694824219,114.66000366210938,109.80000305175781,109.80000305175781,51
2023-10-06,114.4800033569336,118.80000305175781,108.9000015258789,117.9000015258789,553
2023-10-09,114.30000305175781,120.5999984741211,114.30000305175781,117,140
2023-10-10,118.3499984741211,131.39999389648438,118.3499984741211,125.0999984741211,183
2023-10-11,123.02999877929688,130.5,117.9000015258789,124.19999694824219,300
2023-10-12,130.9499969482422,146.61000061035156,126.9000015258789,135.89999389648438,1247
2023-10-13,132.3000030517578,145.8000030517578,130.77000427246094,145.8000030517578,262
2023-10-16,148.5,148.5,128.6999969482422,135.89999389648438,579
2023-10-17,134.10000610351562,140.39999389648438,130.32000732421875,134.10000610351562,278
2023-10-18,133.1999969482422,136.97999572753906,126,126,134
2023-10-19,129.60000610351562,129.60000610351562,113.4000015258789,126,828
2023-10-20,122.4000015258789,133.1999969482422,117,117.9000015258789,508
2023-10-23,117.18000030517578,132.3000030517578,117,124.19999694824219,632
2023-10-24,128.6999969482422,132.3000030517578,122.4000015258789,127.80000305175781,103
2023-10-25,126.9000015258789,132.3000030517578,124.19999694824219,132.3000030517578,61
2023-10-26,130.0500030517578,130.0500030517578,125.0999984741211,125.0999984741211,71
2023-10-27,128.6999969482422,128.6999969482422,114.30000305175781,121.5,173
2023-10-30,121.5,121.5,116.91000366210938,118.80000305175781,38
2023-10-31,117.9000015258789,117.9000015258789,111.5999984741211,111.5999984741211,169
2023-11-01,111.5999984741211,115.19999694824219,109.80000305175781,112.94999694824219,49
2023-11-02,114.30000305175781,121.5,114.30000305175781,116.0999984741211,107
2023-11-03,118.80000305175781,126,118.80000305175781,126,117
2023-11-06,133.02000427246094,133.02000427246094,120.1500015258789,124.19999694824219,82
2023-11-07,120.5999984741211,126.9000015258789,120.5999984741211,126.9000015258789,23
2023-11-08,120.5999984741211,123.30000305175781,117,117,44
2023-11-09,117.9000015258789,117.9000015258789,105.30000305175781,114.30000305175781,398
2023-11-10,109.80000305175781,112.5,103.5,108.9000015258789,166
2023-11-13,112.5,112.5,108.9000015258789,109.80000305175781,44
2023-11-14,113.4000015258789,117,108.9000015258789,117,92
2023-11-15,112.5,121.5,112.5,113.4000015258789,151
2023-11-16,109.80000305175781,114.30000305175781,109.80000305175781,113.4000015258789,63
2023-11-17,109.80000305175781,118.80000305175781,106.19999694824219,112.5,102
2023-11-20,109.80000305175781,110.16000366210938,95.4000015258789,110.16000366210938,337
2023-11-21,110.33999633789062,110.69999694824219,103.5,106.19999694824219,217
2023-11-22,108,109.08000183105469,105.30000305175781,108,57
2023-11-24,108,142.1999969482422,108,121.5,1608
2023-11-27,129.60000610351562,144,121.5,126,858
2023-11-28,131.39999389648438,131.39999389648438,116.27999877929688,117,214
2023-11-29,113.4000015258789,118.80000305175781,113.4000015258789,117,137
2023-11-30,117,121.94999694824219,113.4000015258789,115.19999694824219,204
2023-12-01,118.80000305175781,123.30000305175781,112.5,118.80000305175781,406
2023-12-04,120.5999984741211,132.3000030517578,115.19999694824219,132.3000030517578,500
2023-12-05,128.25,130.5,121.5,130.5,92
2023-12-06,130.5,154.1699981689453,124.19999694824219,153,1174
2023-12-07,148.5,152.10000610351562,130.5,142.9199981689453,128
2023-12-08,142.1999969482422,157.58999633789062,135,155.52000427246094,427
2023-12-11,154.8000030517578,154.8000030517578,126.9000015258789,146.6999969482422,368
2023-12-12,132.2100067138672,141.75,132.2100067138672,136.8000030517578,24
2023-12-13,138.60000610351562,141.3000030517578,126,130.5,267
2023-12-14,130.5,136.8000030517578,125.0999984741211,125.0999984741211,126
2023-12-15,130.0500030517578,148.0500030517578,126,135,154
2023-12-18,132.3000030517578,135.89999389648438,126.2699966430664,130.5,52
2023-12-19,137.6999969482422,151.1999969482422,135.80999755859375,141.3000030517578,246
2023-12-20,136.8000030517578,136.88999938964844,130.5,131.39999389648438,109
2023-12-21,126.9000015258789,136.8000030517578,125.0999984741211,130.5,281
2023-12-22,126,130.5,121.5,122.30999755859375,142
2023-12-26,122.4000015258789,130.5,122.4000015258789,127.80000305175781,119
2023-12-27,126,126,121.5,123.30000305175781,144
2023-12-28,117,129.60000610351562,116.45999908447266,124.19999694824219,282
2023-12-29,129.60000610351562,143.10000610351562,122.4000015258789,132.3000030517578,2866
2024-01-02,130.5,135.89999389648438,126,130.5,414
2024-01-03,126,129.60000610351562,124.19999694824219,128.6999969482422,182
2024-01-04,127.80000305175781,127.80000305175781,118.80000305175781,126.9000015258789,486
2024-01-05,123.30000305175781,123.30000305175781,117.9000015258789,117.9000015258789,384
2024-01-08,112.5,117,108.9000015258789,113.4000015258789,540
2024-01-09,113.4000015258789,113.4000015258789,109.80000305175781,112.5,213
2024-01-10,110.69999694824219,110.69999694824219,108,109.3499984741211,270
2024-01-11,108,109.80000305175781,90,94.5,1182
2024-01-12,92.69999694824219,110.69999694824219,90,97.19999694824219,802
2024-01-16,97.19999694824219,105.12000274658203,97.19999694824219,103.5,634
2024-01-17,103.5,103.5,94.5,97.19999694824219,389
2024-01-18,102.5999984741211,102.5999984741211,91.80000305175781,94.05000305175781,256
2024-01-19,92.69999694824219,110.06999969482422,92.69999694824219,105.30000305175781,920
2024-01-22,107.0999984741211,110.79000091552734,99.9000015258789,110.69999694824219,246
2024-01-23,110.69999694824219,121.5,110.69999694824219,112.5,212
2024-01-24,114.30000305175781,116.0999984741211,109.80000305175781,112.5,127
2024-01-25,111.95999908447266,113.4000015258789,105.12000274658203,107.0999984741211,71
2024-01-26,106.29000091552734,107.37000274658203,106.19999694824219,107.0999984741211,32
2024-01-29,111.5999984741211,118.80000305175781,109.80000305175781,118.80000305175781,356
2024-01-30,117,119.69999694824219,112.5,119.69999694824219,137
2024-01-31,114.30000305175781,117.08999633789062,112.5,115.19999694824219,52
2024-02-01,117,118.80000305175781,108,112.05000305175781,43
2024-02-02,110.69999694824219,112.5,105.30000305175781,106.19999694824219,58
2024-02-05,102.5999984741211,113.04000091552734,100.80000305175781,103.5,42
2024-02-06,101.69999694824219,113.4000015258789,97.19999694824219,113.4000015258789,342
2024-02-07,105.30000305175781,110.69999694824219,101.69999694824219,103.5,37
2024-02-08,99.9000015258789,112.5,99.9000015258789,112.41000366210938,324
2024-02-09,113.30999755859375,117.08999633789062,107.81999969482422,116.0999984741211,396
2024-02-12,111.05999755859375,118.70999908447266,111.05999755859375,114.75,37
2024-02-13,108.9000015258789,110.25,108.9000015258789,110.25,32
2024-02-14,112.5,115.19999694824219,98.0999984741211,106.6500015258789,620
2024-02-15,104.4000015258789,117,104.4000015258789,110.69999694824219,774
2024-02-16,116.0999984741211,155.6999969482422,113.4000015258789,155.6999969482422,2626
2024-02-20,139.5,140.39999389648438,119.69999694824219,122.4000015258789,1014
2024-02-21,118.80000305175781,122.4000015258789,115.19999694824219,117,340
2024-02-22,118.80000305175781,119.69999694824219,110.69999694824219,110.69999694824219,140
2024-02-23,108,113.4000015258789,104.4000015258789,106.19999694824219,819
2024-02-26,111.5999984741211,112.94999694824219,106.19999694824219,107.0999984741211,174
2024-02-27,113.4000015258789,113.4000015258789,105.30000305175781,108,231
2024-02-28,108.9000015258789,114.30000305175781,105.30000305175781,105.30000305175781,62
2024-02-29,108,111.1500015258789,105.30000305175781,105.30000305175781,172
2024-03-01,108.9000015258789,109.80000305175781,102.5999984741211,102.5999984741211,243
2024-03-04,102.5999984741211,112.5,99.44999694824219,100.80000305175781,219
2024-03-05,101.69999694824219,104.4000015258789,101.61000061035156,102.5999984741211,124
2024-03-06,105.75,109.80000305175781,105.75,107.0999984741211,103
2024-03-07,108,111.5999984741211,108,108.9000015258789,138
2024-03-08,108,112.86000061035156,108,109.80000305175781,71
2024-03-11,112.5,112.5,106.19999694824219,108,71
2024-03-12,110.69999694824219,110.69999694824219,106.19999694824219,107.0999984741211,123
2024-03-13,110.69999694824219,112.5,110.69999694824219,112.5,180
2024-03-14,112.5,115.19999694824219,108,108,427
2024-03-15,108,111.5999984741211,108,108,41
2024-03-18,108.80999755859375,113.4000015258789,108,108,192
2024-03-19,109.80000305175781,112.5,108,109.80000305175781,174
2024-03-20,111.33000183105469,111.5999984741211,108.9000015258789,109.80000305175781,143
2024-03-21,108.9000015258789,113.4000015258789,108.9000015258789,112.05000305175781,113
2024-03-22,111.5999984741211,111.5999984741211,108.9000015258789,108.9000015258789,206
2024-03-25,108.9000015258789,120.5999984741211,108.9000015258789,114.30000305175781,404
2024-03-26,118.80000305175781,119.69999694824219,29.610000610351562,54,111308
2024-03-27,54,64.80000305175781,49.13999938964844,51.56999969482422,10777
2024-03-28,50.220001220703125,61.20000076293945,36.900001525878906,53.459999084472656,48190
2024-04-01,54.900001525878906,55.79999923706055,51.119998931884766,52.7400016784668,2921
2024-04-02,51.29999923706055,51.75,46.88999938964844,49.04999923706055,1724
2024-04-03,54.900001525878906,63,51.84000015258789,53.099998474121094,6361
2024-04-04,54.9900016784668,56.06999969482422,47.43000030517578,53.81999969482422,3424
2024-04-05,52.20000076293945,53.099998474121094,50.400001525878906,52.20000076293945,424
2024-04-08,50.4900016784668,67.5,50.4900016784668,56.61000061035156,16778
2024-04-09,55.2599983215332,60.56999969482422,53.099998474121094,57.599998474121094,1121
2024-04-10,55.88999938964844,65.5199966430664,52.290000915527344,54,1346
2024-04-11,54.900001525878906,55.79999923706055,50.4900016784668,54,1048
2024-04-12,52.20000076293945,56.70000076293945,50.400001525878906,51.75,632
2024-04-15,52.20000076293945,55.439998626708984,50.400001525878906,53.099998474121094,1756
2024-04-16,52.02000045776367,53.189998626708984,44.099998474121094,51.029998779296875,3478
2024-04-17,53.099998474121094,57.41999816894531,52.83000183105469,55.2599983215332,2224
2024-04-18,55.2599983215332,55.709999084472656,50.849998474121094,55.709999084472656,451
2024-04-19,56.34000015258789,56.70000076293945,52.20000076293945,54.900001525878906,486
2024-04-22,54.900001525878906,55.79999923706055,51.56999969482422,52.20000076293945,364
2024-04-23,52.20000076293945,54.720001220703125,51.119998931884766,54.720001220703125,502
2024-04-24,52.20000076293945,54,49.95000076293945,53.099998474121094,332
2024-04-25,52.380001068115234,54.810001373291016,49.5,50.4900016784668,1600
2024-04-26,50.400001525878906,51.29999923706055,48.959999084472656,49.5,1754
2024-04-29,49.5,52.83000183105469,49.5,49.95000076293945,386
2024-04-30,51.29999923706055,52.20000076293945,49.5,51.29999923706055,468
2024-05-01,49.31999969482422,52.20000076293945,49.31999969482422,51.29999923706055,182
2024-05-02,49.95000076293945,52.7400016784668,49.5,51.65999984741211,456
2024-05-03,50.130001068115234,54.810001373291016,50.130001068115234,51.56999969482422,613
2024-05-06,51.29999923706055,53.63999938964844,49.95000076293945,51.56999969482422,134
2024-05-07,49.95000076293945,52.20000076293945,49.95000076293945,51.029998779296875,307
2024-05-08,49.59000015258789,51.29999923706055,49.5,49.68000030517578,397
2024-05-09,49.59000015258789,50.400001525878906,43.20000076293945,46.79999923706055,649
2024-05-10,48.5099983215332,49.04999923706055,46.79999923706055,46.79999923706055,211
2024-05-13,48.599998474121094,55.619998931884766,47.790000915527344,49.5,4342
2024-05-14,52.20000076293945,54,50.040000915527344,51.209999084472656,1789
2024-05-15,52.91999816894531,53.099998474121094,48.599998474121094,49.95000076293945,747
2024-05-16,49.5,51.93000030517578,49.04999923706055,50.400001525878906,894
2024-05-17,52.650001525878906,55.349998474121094,51.38999938964844,52.7400016784668,3084
2024-05-20,52.20000076293945,57.41999816894531,50.4900016784668,52.560001373291016,3409
2024-05-21,52.560001373291016,52.560001373291016,48.689998626708984,49.04999923706055,2166
2024-05-22,48.869998931884766,52.20000076293945,47.790000915527344,51.29999923706055,3864
2024-05-23,51.29999923706055,52.290000915527344,50.130001068115234,50.130001068115234,897
2024-05-24,51.75,51.93000030517578,47.970001220703125,51.93000030517578,1096
2024-05-28,49.5,51.93000030517578,48.599998474121094,48.599998474121094,2828
2024-05-29,48.060001373291016,49.77000045776367,46.79999923706055,48.599998474121094,946
2024-05-30,49.5,51.29999923706055,47.43000030517578,49.04999923706055,2924
2024-05-31,49.5,49.5,46.79999923706055,47.70000076293945,832
2024-06-03,45.900001525878906,49.40999984741211,45.900001525878906,49.04999923706055,501
2024-06-04,47.70000076293945,49.40999984741211,45.720001220703125,46.79999923706055,2707
2024-06-05,45.900001525878906,47.70000076293945,45.45000076293945,47.70000076293945,1852
2024-06-06,50.400001525878906,50.58000183105469,46.439998626708984,46.88999938964844,9420
2024-06-07,49.5,49.77000045776367,46.79999923706055,46.88999938964844,7912
2024-06-10,48.599998474121094,48.599998474121094,45.45000076293945,48.150001525878906,1758
2024-06-11,45.09000015258789,46.349998474121094,44.54999923706055,45,316
2024-06-12,45.36000061035156,47.43000030517578,45.18000030517578,45.900001525878906,149
2024-06-13,46.79999923706055,49.31999969482422,45.900001525878906,47.52000045776367,2011
2024-06-14,45.18000030517578,46.79999923706055,42.65999984741211,45,1743
2024-06-17,44.0099983215332,45.900001525878906,44.0099983215332,44.099998474121094,2064
2024-06-18,44.099998474121094,47.70000076293945,43.20000076293945,44.099998474121094,538
2024-06-20,42.29999923706055,44.369998931884766,41.400001525878906,41.58000183105469,267
2024-06-21,41.66999816894531,43.20000076293945,41.58000183105469,42.29999923706055,497
2024-06-24,42.209999084472656,46.2599983215332,40.5,44.189998626708984,1217
2024-06-25,42.47999954223633,44.099998474121094,38.25,44.099998474121094,1154
2024-06-26,43.02000045776367,43.02000045776367,38.70000076293945,39.5099983215332,183
2024-06-27,39.599998474121094,40.95000076293945,39.599998474121094,40.5,436
2024-06-28,39.599998474121094,45,39.599998474121094,40.95000076293945,817
2024-07-01,38.70000076293945,40.5,36,36,367
2024-07-02,36,36.900001525878906,32.400001525878906,34.560001373291016,2620
2024-07-03,33.65999984741211,37.79999923706055,33.65999984741211,33.75,1014
2024-07-05,33.75,36,30.8700008392334,32.7599983215332,1874
2024-07-08,35.369998931884766,45,35.279998779296875,38.34000015258789,11768
2024-07-09,37.79999923706055,40.95000076293945,36.720001220703125,38.70000076293945,1437
2024-07-10,40.40999984741211,54.45000076293945,40.40999984741211,48.2400016784668,22489
2024-07-11,49.5,49.68000030517578,42.47999954223633,44.54999923706055,3607
2024-07-12,45,46.79999923706055,41.220001220703125,45.900001525878906,2086
2024-07-15,44.459999084472656,47.70000076293945,42.29999923706055,42.84000015258789,2046
2024-07-16,42.84000015258789,46.79999923706055,42.84000015258789,43.20000076293945,957
2024-07-17,45.45000076293945,45.9900016784668,42.93000030517578,43.560001373291016,546
2024-07-18,42.75,46.709999084472656,42.75,43.91999816894531,99
2024-07-19,45.36000061035156,45.900001525878906,40.5,41.7599983215332,489
2024-07-22,44.459999084472656,44.459999084472656,40.5,40.5,193
2024-07-23,39.599998474121094,43.20000076293945,39.599998474121094,41.400001525878906,169
2024-07-24,39.150001525878906,43.20000076293945,39.150001525878906,42.29999923706055,99
2024-07-25,40.5,41.849998474121094,40.5,41.849998474121094,28
2024-07-26,38.970001220703125,42.65999984741211,37.79999923706055,40.13999938964844,1151
2024-07-29,43.11000061035156,45,39.869998931884766,41.4900016784668,1577
2024-07-30,42.119998931884766,42.119998931884766,38.790000915527344,38.790000915527344,109
2024-07-31,38.970001220703125,45,38.70000076293945,40.5,1033
2024-08-01,40.5,41.939998626708984,38.970001220703125,38.970001220703125,441
2024-08-02,40.5,44.099998474121094,36.720001220703125,37.79999923706055,962
2024-08-05,38.70000076293945,38.70000076293945,34.290000915527344,36.630001068115234,262
2024-08-06,36,39.599998474121094,35.099998474121094,35.369998931884766,206
2024-08-07,36.540000915527344,36.810001373291016,35.81999969482422,35.81999969482422,41
2024-08-08,35.099998474121094,36,35.099998474121094,35.369998931884766,53
2024-08-09,36,36.810001373291016,34.290000915527344,34.290000915527344,527
2024-08-12,34.650001525878906,35.63999938964844,33.84000015258789,34.20000076293945,243
2024-08-13,34.20000076293945,34.20000076293945,22.68000030517578,27,9416
2024-08-14,26.729999542236328,43.470001220703125,22.950000762939453,26.81999969482422,23367
2024-08-15,26.549999237060547,28.799999237060547,26.549999237060547,27.989999771118164,1112
2024-08-16,27.989999771118164,34.20000076293945,26.549999237060547,28.889999389648438,1497
2024-08-19,28.799999237060547,36,28.799999237060547,32.849998474121094,1110
2024-08-20,31.049999237060547,33.29999923706055,29.25,29.25,491
2024-08-21,28.260000228881836,33.29999923706055,28.260000228881836,31.5,816
2024-08-22,31.40999984741211,34.02000045776367,31.40999984741211,33.29999923706055,99
2024-08-23,35.099998474121094,35.099998474121094,32.220001220703125,32.4900016784668,318
2024-08-26,32.130001068115234,35.099998474121094,30.600000381469727,30.8700008392334,503
2024-08-27,34.470001220703125,35.099998474121094,29.25,32.220001220703125,238
2024-08-28,35.099998474121094,35.099998474121094,28.799999237060547,29.8799991607666,2171
2024-08-29,30.600000381469727,35.099998474121094,30.510000228881836,32.58000183105469,888
2024-08-30,31.5,32.400001525878906,30.600000381469727,31.5,977
2024-09-03,31.31999969482422,31.5,29.8799991607666,29.8799991607666,136
2024-09-04,29.700000762939453,32.130001068115234,29.700000762939453,31.40999984741211,53
2024-09-05,33.029998779296875,33.029998779296875,30.600000381469727,30.959999084472656,82
2024-09-06,30.959999084472656,30.959999084472656,28.889999389648438,28.889999389648438,1273
2024-09-09,29.790000915527344,32.400001525878906,28.350000381469727,29.43000030517578,3070
2024-09-10,40.5,133.1999969482422,39.41999816894531,119.69999694824219,3848577
2024-09-11,157.5,204.3000030517578,128.6999969482422,148.5,1309186
2024-09-12,108.9000015258789,130.5,103.5,109.80000305175781,85857
2024-09-13,94.5,124.19999694824219,90,93.5999984741211,71936
2024-09-16,90,109.80000305175781,82.80000305175781,89.0999984741211,37967
2024-09-17,86.4000015258789,101.69999694824219,86.4000015258789,100.80000305175781,12694
2024-09-18,105.30000305175781,105.30000305175781,88.19999694824219,93.5999984741211,5318
2024-09-19,90,99,90,95.4000015258789,6948
2024-09-20,94.5,94.5,90,92.69999694824219,2834
2024-09-23,91.80000305175781,134.10000610351562,91.80000305175781,106.19999694824219,106849
2024-09-24,114.30000305175781,143.10000610351562,107.0999984741211,123.30000305175781,35637
2024-09-25,120.5999984741211,153,120.5999984741211,133.1999969482422,21653
2024-09-26,138.60000610351562,143.10000610351562,118.80000305175781,126,8148
2024-09-27,126.9000015258789,138.60000610351562,120.5999984741211,120.5999984741211,8168
2024-09-30,126,130.0500030517578,108,110.69999694824219,4132
2024-10-01,108.9000015258789,115.19999694824219,98.0999984741211,112.5,3060
2024-10-02,119.69999694824219,130.5,112.5,126,2480
2024-10-03,124.19999694824219,135,117.9000015258789,135,1749
2024-10-04,130.5,142.1999969482422,126.08999633789062,135.89999389648438,2787
2024-10-07,139.5,139.5,127.80000305175781,134.10000610351562,1219
2024-10-08,112.5,123.30000305175781,111.5999984741211,120.5999984741211,1802
2024-10-09,118.80000305175781,129.60000610351562,118.80000305175781,126,3140
2024-10-10,126,138.60000610351562,121.5,133.1999969482422,1822
2024-10-11,129.60000610351562,134.10000610351562,124.19999694824219,128.6999969482422,747
2024-10-14,128.6999969482422,161.63999938964844,128.6999969482422,135,5673
2024-10-15,143.10000610351562,158.39999389648438,143.10000610351562,152.10000610351562,7322
2024-10-16,157.5,164.6999969482422,136.8000030517578,148.5,3277
2024-10-17,144,153,135.89999389648438,139.5,4838
2024-10-18,140.39999389648438,142.2899932861328,131.39999389648438,131.39999389648438,1702
2024-10-21,132.3000030517578,144.89999389648438,126,137.6999969482422,1406
2024-10-22,131.39999389648438,136.8000030517578,130.5,133.1999969482422,559
2024-10-23,133.1999969482422,136.35000610351562,128.6999969482422,133.1999969482422,566
2024-10-24,133.1999969482422,134.10000610351562,127.80000305175781,132.3000030517578,502
2024-10-25,130.5,132.3000030517578,121.5,125.0999984741211,1102
2024-10-28,126.9000015258789,134.10000610351562,124.19999694824219,127.80000305175781,1519
2024-10-29,126.9000015258789,133.1999969482422,126.9000015258789,132.3000030517578,626
2024-10-30,135.89999389648438,137.6999969482422,129.60000610351562,133.1999969482422,303
2024-10-31,128.6999969482422,135,128.6999969482422,134.10000610351562,480
2024-11-01,135,135.99000549316406,128.6999969482422,133.1999969482422,388
2024-11-04,131.49000549316406,134.91000366210938,129.60000610351562,129.60000610351562,253
2024-11-05,128.6999969482422,133.1999969482422,128.6999969482422,130.5,309
2024-11-06,134.10000610351562,135,129.60000610351562,130.5,454
2024-11-07,133.1999969482422,135,122.4000015258789,122.4000015258789,363
2024-11-08,123.30000305175781,130.0500030517578,122.4000015258789,125.0999984741211,584
2024-11-11,127.80000305175781,127.80000305175781,117.9000015258789,119.69999694824219,857
2024-11-12,119.69999694824219,121.5,119.69999694824219,119.69999694824219,172
2024-11-13,117,124.6500015258789,117,117,237
2024-11-14,118.80000305175781,125.0999984741211,118.80000305175781,118.80000305175781,727
2024-11-15,120.5999984741211,121.5,112.5,114.30000305175781,1070
2024-11-18,113.4000015258789,117.9000015258789,113.4000015258789,117.9000015258789,296
2024-11-19,114.30000305175781,124.19999694824219,114.30000305175781,122.4000015258789,466
2024-11-20,122.4000015258789,122.4000015258789,118.80000305175781,120.5999984741211,57
2024-11-21,118.80000305175781,124.19999694824219,118.80000305175781,120.5999984741211,136
2024-11-22,119.69999694824219,122.4000015258789,118.80000305175781,121.5,341
2024-11-25,119.69999694824219,122.4000015258789,119.69999694824219,120.5999984741211,281
2024-11-26,123.12000274658203,123.12000274658203,117.9000015258789,117.9000015258789,174
2024-11-27,122.4000015258789,132.3000030517578,120.5999984741211,126,536
2024-11-29,123.30000305175781,126.9000015258789,121.5,126,106
2024-12-02,125.0999984741211,126,117,119.69999694824219,299
2024-12-03,124.29000091552734,124.29000091552734,121.5,121.5,146
2024-12-04,124.19999694824219,124.19999694824219,116.0999984741211,117.9000015258789,271
2024-12-05,117,123.30000305175781,116.0999984741211,122.4000015258789,282
2024-12-06,121.5,126,120.5999984741211,125.0999984741211,437
2024-12-09,123.75,131.30999755859375,123.75,126.9000015258789,642
2024-12-10,126.98999786376953,130.5,121.5,126.9000015258789,182
2024-12-11,128.6999969482422,131.39999389648438,123.30000305175781,125.0999984741211,283
2024-12-12,129.60000610351562,130.41000366210938,124.19999694824219,126.9000015258789,393
2024-12-13,126.9000015258789,129.05999755859375,125.0999984741211,125.55000305175781,436
2024-12-16,121.5,129.69000244140625,121.5,128.25,283
2024-12-17,128.61000061035156,140.5800018310547,128.61000061035156,129.60000610351562,941
2024-12-18,131.39999389648438,131.39999389648438,126,126,286
2024-12-19,131.39999389648438,131.6699981689453,127.80000305175781,129.60000610351562,28
2024-12-20,127.80000305175781,138.60000610351562,127.80000305175781,136.8000030517578,478
2024-12-23,135.89999389648438,136.8000030517578,133.1999969482422,134.10000610351562,320
2024-12-24,126,136.8000030517578,126,134.10000610351562,200
2024-12-26,134.10000610351562,138.60000610351562,134.10000610351562,136.8000030517578,107
2024-12-27,136.8000030517578,140.39999389648438,135.89999389648438,135.89999389648438,188
2024-12-30,139.5,139.58999633789062,135,135.89999389648438,311
2024-12-31,136.52999877929688,138.05999755859375,130.5,131.39999389648438,384
2025-01-02,128.6999969482422,134.00999450683594,128.6999969482422,133.1999969482422,131
2025-01-03,133.9199981689453,137.6999969482422,133.1999969482422,135,184
2025-01-06,135,135,126,128.6999969482422,123
2025-01-07,128.6999969482422,131.6699981689453,126,126.9000015258789,174
2025-01-08,124.19999694824219,126.9000015258789,117.9000015258789,118.3499984741211,408
2025-01-10,118.80000305175781,133.1999969482422,118.80000305175781,118.80000305175781,142
2025-01-13,117.9000015258789,120.5999984741211,117,118.80000305175781,259
2025-01-14,119.79000091552734,126,119.69999694824219,119.79000091552734,84
2025-01-15,119.69999694824219,123.56999969482422,119.43000030517578,119.69999694824219,56
2025-01-16,125.0999984741211,126,119.69999694824219,121.5,39
2025-01-17,120.5999984741211,125.55000305175781,118.70999908447266,118.80000305175781,121
2025-01-21,121.5,125.7300033569336,119.69999694824219,119.69999694824219,72
2025-01-22,126.2699966430664,126.2699966430664,118.80000305175781,124.29000091552734,63
2025-01-23,119.69999694824219,121.5,119.69999694824219,121.5,69
2025-01-24,120.5999984741211,127.26000213623047,120.5999984741211,122.4000015258789,72
2025-01-27,122.4000015258789,126.9000015258789,122.4000015258789,126.9000015258789,42
2025-01-28,124.6500015258789,125.0999984741211,123.30000305175781,125.0999984741211,42
2025-01-29,122.4000015258789,123.30000305175781,122.4000015258789,122.94000244140625,36
2025-01-30,124.6500015258789,124.6500015258789,121.5,124.19999694824219,29
2025-01-31,122.04000091552734,123.30000305175781,119.69999694824219,121.94999694824219,14
2025-02-03,118.80000305175781,120.5999984741211,117,118.26000213623047,93
2025-02-04,117.9000015258789,117.9000015258789,116.0999984741211,117,84
2025-02-05,117.44999694824219,122.4000015258789,117,117,26
2025-02-06,116.0999984741211,119.25,116.0999984741211,116.0999984741211,243
2025-02-07,116.0999984741211,123.30000305175781,115.19999694824219,117.9000015258789,94
2025-02-10,117.9000015258789,118.88999938964844,117.9000015258789,118.80000305175781,10
2025-02-11,119.25,119.69999694824219,117,117,20
2025-02-12,116.0999984741211,122.4000015258789,116.0999984741211,117,60
2025-02-13,112.5,123.30000305175781,112.5,118.80000305175781,314
2025-02-14,118.80000305175781,120.5999984741211,117.80999755859375,120.5999984741211,34
2025-02-18,120.5999984741211,125.0999984741211,120.5999984741211,122.4000015258789,32
2025-02-19,121.13999938964844,131.39999389648438,121.13999938964844,124.19999694824219,38
2025-02-20,126,135,121.5,129.60000610351562,466
2025-02-21,135,135,126.9000015258789,126.9000015258789,30
2025-02-24,129.60000610351562,135.89999389648438,128.6999969482422,132.3000030517578,968
2025-02-25,132.3000030517578,135,126.98999786376953,127.80000305175781,506
2025-02-26,133.64999389648438,136.8000030517578,132.3000030517578,133.1999969482422,77
2025-02-27,148.5,148.5,132.3000030517578,133.1999969482422,491
2025-02-28,134.10000610351562,139.5,131.39999389648438,132.3000030517578,57
2025-03-03,130.5,140.30999755859375,130.5,135,262
2025-03-04,135,139.5,130.5,139.5,437
2025-03-05,143.5500030517578,143.5500030517578,135,135,168
2025-03-06,136.7100067138672,139.5,134.10000610351562,135.4499969482422,86
2025-03-07,135,135,130.5,131.39999389648438,90
2025-03-10,126.9000015258789,138.14999389648438,122.4000015258789,128.6999969482422,373
2025-03-11,135,137.6999969482422,132.3000030517578,137.6999969482422,102
2025-03-12,136.8000030517578,137.6999969482422,136.8000030517578,136.8000030517578,66
2025-03-13,136.8000030517578,136.8000030517578,130.5,133.1999969482422,169
2025-03-14,132.3000030517578,137.6999969482422,132.3000030517578,135,90
2025-03-17,137.6999969482422,138.60000610351562,135,135,139
2025-03-18,136.35000610351562,137.25,134.19000244140625,137.25,42
2025-03-19,135,135.27000427246094,135,135,102
2025-03-20,135,138.60000610351562,134.10000610351562,135.5399932861328,128
2025-03-21,134.10000610351562,136.8000030517578,132.3000030517578,135.89999389648438,438
2025-03-24,129.60000610351562,135,129.60000610351562,135,39
2025-03-25,126,134.5500030517578,126,133.1999969482422,234
2025-03-26,130.5,131.39999389648438,130.5,131.39999389648438,60
2025-03-27,131.5800018310547,131.5800018310547,127.80000305175781,128.6999969482422,63
2025-03-28,126,134.10000610351562,126,127.80000305175781,64
2025-03-31,126,130.5,126,127.88999938964844,118
2025-04-01,126,133.1999969482422,122.4000015258789,130.0500030517578,72
2025-04-02,126.9000015258789,126.9000015258789,126,126,8
2025-04-03,126.62999725341797,135.89999389648438,121.5,121.5,86
2025-04-04,121.5,121.5,118.80000305175781,118.80000305175781,152
2025-04-07,114.30000305175781,142.1999969482422,114.30000305175781,123.12000274658203,87
2025-04-08,122.58000183105469,122.58000183105469,119.69999694824219,119.69999694824219,108
2025-04-09,118.80000305175781,118.80000305175781,116.0999984741211,116.0999984741211,132
2025-04-10,117,126.44999694824219,114.30000305175781,114.30000305175781,164
2025-04-11,115.73999786376953,115.73999786376953,113.4000015258789,113.4000015258789,67
2025-04-14,117,118.3499984741211,114.30000305175781,115.19999694824219,22
2025-04-15,114.30000305175781,123.30000305175781,114.30000305175781,123.30000305175781,209
2025-04-16,126,126,124.19999694824219,125.0999984741211,16
2025-04-17,126,137.6999969482422,126,131.39999389648438,1366
2025-04-21,134.27999877929688,134.27999877929688,130.5,130.5,647
2025-04-22,121.5,127.80000305175781,121.5,127.80000305175781,357
2025-04-23,125.0999984741211,130.9499969482422,125.0999984741211,130.0500030517578,24
2025-04-24,122.4000015258789,135,122.4000015258789,124.19999694824219,389
2025-04-25,125.0999984741211,130.0500030517578,120.5999984741211,124.6500015258789,247
2025-04-28,123.30000305175781,129.60000610351562,123.30000305175781,129.60000610351562,3
2025-04-29,125.0999984741211,130.0500030517578,122.4000015258789,122.48999786376953,113
2025-04-30,123.30000305175781,124.19999694824219,117,119.69999694824219,57
2025-05-01,117,120.41999816894531,116.0999984741211,120.41999816894531,134
2025-05-02,117,121.5,115.19999694824219,117,109
2025-05-05,117,117.9000015258789,113.4000015258789,113.4000015258789,59
2025-05-06,114.30000305175781,114.4800033569336,113.4000015258789,113.4000015258789,71
2025-05-07,116.45999908447266,123.30000305175781,112.5,119.69999694824219,68
2025-05-08,109.80000305175781,119.69999694824219,109.80000305175781,116.0999984741211,80
2025-05-09,120.5999984741211,126.2699966430664,112.5,113.4000015258789,3564
2025-05-12,115.19999694824219,126.9000015258789,91.80000305175781,103.5,3900
2025-05-13,106.19999694824219,113.76000213623047,105.30000305175781,107.0999984741211,242
2025-05-14,107.81999969482422,108.9000015258789,105.30000305175781,107.0999984741211,212
2025-05-15,107.0999984741211,109.80000305175781,104.48999786376953,106.19999694824219,400
2025-05-16,106.19999694824219,107.0999984741211,105.30000305175781,106.19999694824219,112
2025-05-19,105.30000305175781,106.19999694824219,105.30000305175781,106.19999694824219,67
2025-05-20,106.19999694824219,106.55999755859375,102.5999984741211,102.5999984741211,303
2025-05-21,102.5999984741211,104.4000015258789,101.69999694824219,104.4000015258789,230
2025-05-22,102.5999984741211,102.5999984741211,101.69999694824219,102.5999984741211,39
2025-05-23,102.5999984741211,103.94999694824219,102.5999984741211,103.5,12
2025-05-27,102.5999984741211,102.5999984741211,102.5999984741211,102.5999984741211,13
2025-05-28,102.5999984741211,106.19999694824219,101.79000091552734,105.30000305175781,163
2025-05-29,101.69999694824219,111.5999984741211,101.69999694824219,108.9000015258789,80
2025-05-30,103.5,113.4000015258789,101.87999725341797,109.80000305175781,58
2025-06-02,109.80000305175781,109.80000305175781,102.5999984741211,103.5,104
2025-06-03,104.8499984741211,104.8499984741211,103.5,104.4000015258789,22
2025-06-04,103.5,104.4000015258789,103.5,104.4000015258789,13
2025-06-05,103.94999694824219,104.4000015258789,103.5,103.5,49
2025-06-06,102.5999984741211,102.5999984741211,100.80000305175781,100.80000305175781,167
2025-06-09,112.5,112.5,100.80000305175781,103.5,146
2025-06-10,101.69999694824219,103.5,100.80000305175781,102.69000244140625,43
2025-06-11,102.5999984741211,108,102.5999984741211,104.4000015258789,21
2025-06-12,103.2300033569336,103.2300033569336,101.69999694824219,101.69999694824219,16
2025-06-13,100.80000305175781,101.69999694824219,100.80000305175781,101.25,58
2025-06-16,100.80000305175781,102.5999984741211,99.9000015258789,99.9000015258789,116
2025-06-17,99.9000015258789,99.9000015258789,99,99,14
2025-06-18,99,99.9000015258789,98.55000305175781,99.44999694824219,103
2025-06-20,99.08999633789062,105.30000305175781,99,100.44000244140625,19
2025-06-23,99.62999725341797,106.19999694824219,99,105.30000305175781,279
2025-06-24,105.30000305175781,105.30000305175781,105.30000305175781,105.30000305175781,33
2025-06-25,105.30000305175781,108.9000015258789,105.30000305175781,108,116
2025-06-26,108.9000015258789,108.9000015258789,104.4000015258789,108.9000015258789,49
2025-06-27,106.19999694824219,117,106.19999694824219,117,99
2025-06-30,109.70999908447266,111.5999984741211,107.0999984741211,108,270
2025-07-01,109.80000305175781,116.0999984741211,107.45999908447266,110.43000030517578,52
2025-07-02,117,117,105.30000305175781,105.30000305175781,163
2025-07-03,116.0999984741211,130.5,105.30000305175781,117,524
2025-07-07,111.5999984741211,126,110.69999694824219,112.05000305175781,2011
2025-07-08,120.5999984741211,120.5999984741211,110.69999694824219,112.5,664
2025-07-09,112.94999694824219,113.8499984741211,110.69999694824219,111.5999984741211,279
2025-07-10,112.31999969482422,119.33999633789062,112.31999969482422,117.08999633789062,36
2025-07-11,116.0999984741211,117,113.4000015258789,116.0999984741211,33
2025-07-14,121.5,121.5,108,111.5999984741211,349
2025-07-15,111.5999984741211,120.5999984741211,108.9000015258789,116.0999984741211,346
2025-07-16,115.91999816894531,133.11000061035156,115.91999816894531,127.80000305175781,597
2025-07-17,125.0999984741211,142.1999969482422,125.0999984741211,138.9600067138672,1081
2025-07-18,135,148.5,122.48999786376953,143.10000610351562,656
2025-07-21,146.6999969482422,169.11000061035156,132.3000030517578,141.3000030517578,20184
2025-07-22,144,157.5,142.1999969482422,154.8000030517578,17432
2025-07-23,153,158.39999389648438,143.10000610351562,145.8000030517578,23832
2025-07-24,145.8000030517578,148.5,127.80000305175781,142.1999969482422,21987
2025-07-25,141.3000030517578,149.39999389648438,117,121.5,15203
2025-07-28,50.310001373291016,53.279998779296875,9.630000114440918,10.619999885559082,1569491
2025-07-29,10.260000228881836,12.0600004196167,8.640000343322754,9.180000305175781,796587
2025-07-30,9.09000015258789,11.609999656677246,8.90999984741211,10.350000381469727,714323
2025-07-31,10.529999732971191,12.420000076293945,9.989999771118164,10.350000381469727,386344
2025-08-01,10.079999923706055,10.350000381469727,9,9.630000114440918,130978
2025-08-04,9.899999618530273,10.350000381469727,9.270000457763672,10.079999923706055,79116
2025-08-05,10.260000228881836,10.260000228881836,9.539999961853027,9.630000114440918,60004
2025-08-06,9.09000015258789,9.539999961853027,8.640000343322754,9.180000305175781,96466
2025-08-07,9.180000305175781,9.180000305175781,8.1899995803833,9.09000015258789,135467
2025-08-08,9,10.710000038146973,8.640000343322754,10.619999885559082,182097
2025-08-11,10.350000381469727,11.520000457763672,9.899999618530273,10.350000381469727,116128
2025-08-12,10.619999885559082,10.619999885559082,9.720000267028809,9.989999771118164,36943
2025-08-13,9.630000114440918,9.899999618530273,9.449999809265137,9.720000267028809,42266
2025-08-14,9.8100004196167,10.350000381469727,9.449999809265137,10.260000228881836,47878
2025-08-15,9.899999618530273,10.350000381469727,9.539999961853027,10.170000076293945,59924
2025-08-18,9.899999618530273,10.710000038146973,8.100000381469727,9.720000267028809,112414
2025-08-19,9.720000267028809,9.8100004196167,8.640000343322754,9.449999809265137,80197
2025-08-20,9.899999618530273,9.899999618530273,8.90999984741211,9.359999656677246,180744
2025-08-21,6.210000038146973,6.300000190734863,4.949999809265137,5.579999923706055,267820
2025-08-22,5.400000095367432,5.579999923706055,5.039999961853027,5.400000095367432,122201
2025-08-25,7.010000228881836,7.710000038146973,5.150000095367432,5.440000057220459,286900
2025-08-26,5.340000152587891,5.570000171661377,5.099999904632568,5.099999904632568,55200
2025-08-27,5,5,3.930000066757202,4.590000152587891,150000
2025-08-28,4.5,5.110000133514404,4.449999809265137,4.619999885559082,45200
2025-08-29,4.739999771118164,4.949999809265137,4.550000190734863,4.760000228881836,29300
2025-09-02,4.71999979019165,5.059999942779541,4.659999847412109,4.96999979019165,57300
2025-09-03,4.769999980926514,4.989999771118164,4.769999980926514,4.980000019073486,38500
2025-09-04,4.96999979019165,4.989999771118164,4.320000171661377,4.989999771118164,53300
2025-09-05,4.896999835968018,5.454999923706055,4.896999835968018,5.400000095367432,34400
2025-09-08,5.400000095367432,6.170000076293945,5.300000190734863,5.96999979019165,60500
2025-09-09,6,6.289999961853027,5.840000152587891,5.840000152587891,45700
2025-09-10,5.96999979019165,6.199999809265137,5.699999809265137,5.860000133514404,40700
2025-09-11,5.860000133514404,6.5,5.860000133514404,6.090000152587891,115400
2025-09-12,6.199999809265137,6.349999904632568,6.09499979019165,6.09499979019165,44100
2025-09-15,6.159999847412109,7.070000171661377,6.010000228881836,6.650000095367432,87800
2025-09-16,6.980000019073486,7,6.349999904632568,6.696000099182129,35800
2025-09-17,6.677999973297119,6.801000118255615,6.150000095367432,6.329999923706055,48000
2025-09-18,6.489999771118164,6.489999771118164,6.050000190734863,6.139999866485596,17800
2025-09-19,6.138000011444092,6.150000095367432,5.880000114440918,6,22100
2025-09-22,5.889999866485596,6.159999847412109,5.869999885559082,5.949999809265137,8100
2025-09-23,5.949999809265137,6.300000190734863,5.940000057220459,6.199999809265137,30000
2025-09-24,6.389999866485596,6.389999866485596,6.190000057220459,6.295000076293945,5500
2025-09-25,6.289999961853027,6.710000038146973,6.210000038146973,6.480000019073486,188600
2025-09-26,6.769999980926514,6.769999980926514,5.929999828338623,5.949999809265137,86500
2025-09-29,6.039999961853027,6.539999961853027,6,6.5,25500
2025-09-30,6.400000095367432,6.78000020980835,6.400000095367432,6.599999904632568,23600
2025-10-01,6.550000190734863,8.380999565124512,6.550000190734863,8.100000381469727,411500
2025-10-02,7.869999885559082,9.850000381469727,7.869999885559082,9.050000190734863,336600
2025-10-03,8.9399995803833,10.850000381469727,8.6899995803833,9.800000190734863,298800
2025-10-06,9.800000190734863,10.46500015258789,8.140000343322754,8.4399995803833,320500
2025-10-07,8.449999809265137,8.66100025177002,6.960000038146973,6.980000019073486,455800
2025-10-08,7.389999866485596,7.973999977111816,7.300000190734863,7.699999809265137,753100
2025-10-09,7.340000152587891,8.25,7.099999904632568,7.179999828338623,813300
2025-10-10,7.119999885559082,7.5,6.53000020980835,6.539999961853027,1073700
2025-10-13,6.550000190734863,8.5,6.320000171661377,7.699999809265137,1192700
2025-10-14,7.679999828338623,7.820000171661377,6.53000020980835,6.769999980926514,1335600
2025-10-15,6.78000020980835,7.400000095367432,6.739999771118164,7.110000133514404,1482500
2025-10-16,7.019999980926514,7.960000038146973,6.89300012588501,7.329999923706055,1608000
2025-10-17,7.269999980926514,7.579999923706055,5.699999809265137,6.28000020980835,1286300
2025-10-20,6.329999923706055,6.590000152587891,5.829999923706055,6.480000019073486,1049300
2025-10-21,6,7.800000190734863,5.800000190734863,6.739999771118164,782300
2025-10-22,6.269999980926514,6.880000114440918,6,6.650000095367432,561200
2025-10-23,6.730000019073486,7.099999904632568,6.349999904632568,7.059999942779541,676800
2025-10-24,7.150000095367432,7.5,6.619999885559082,7.300000190734863,527000
2025-10-27,7.300000190734863,8.489999771118164,6.434999942779541,6.46999979019165,393000
2025-10-28,6.670000076293945,8.170000076293945,6.670000076293945,8.119999885559082,366600
2025-10-29,7.920000076293945,7.920000076293945,1.149999976158142,1.2599999904632568,30736600
2025-10-30,1.1399999856948853,1.25,1.0499999523162842,1.090000033378601,3281500
2025-10-31,1.0299999713897705,1.0499999523162842,0.921999990940094,0.9800000190734863,1172200
2025-11-03,0.9900000095367432,0.9900000095367432,0.8100000023841858,0.8370000123977661,926700
2025-11-04,0.800000011920929,0.8199999928474426,0.7350000143051147,0.7710000276565552,558100
2025-11-05,0.7599999904632568,1.2000000476837158,0.7599999904632568,1.0299999713897705,8651000
2025-11-06,1.0199999809265137,1.1699999570846558,0.890999972820282,0.9100000262260437,926700
2025-11-07,0.8999999761581421,0.9399999976158142,0.8320000171661377,0.8619999885559082,352200
2025-11-10,0.8500000238418579,0.8859999775886536,0.8100000023841858,0.8460000157356262,288700
2025-11-11,0.8460000157356262,0.8899999856948853,0.8100000023841858,0.8299999833106995,245000
2025-11-12,0.8650000095367432,1.9299999475479126,0.8360000252723694,1.2300000190734863,50529700
2025-11-13,1.1399999856948853,1.5,1.1200000047683716,1.2999999523162842,3475000
2025-11-14,1.2799999713897705,1.309999942779541,1.059999942779541,1.0700000524520874,659300
2025-11-17,1.0700000524520874,1.0700000524520874,0.9200000166893005,0.9750000238418579,454300
2025-11-18,0.9800000190734863,1.059999942779541,0.9300000071525574,1.0399999618530273,192100
2025-11-19,1.0099999904632568,1.100000023841858,0.9710000157356262,0.9710000157356262,192300
2025-11-20,1.0399999618530273,1.065000057220459,0.9340000152587891,0.9700000286102295,194900
2025-11-21,0.9900000095367432,0.9900000095367432,0.9010000228881836,0.9200000166893005,129900
2025-11-24,0.9599999785423279,1.0099999904632568,0.9100000262260437,0.949999988079071,223200
2025-11-25,0.9200000166893005,0.9589999914169312,0.8880000114440918,0.9100000262260437,177500
2025-11-26,0.8949999809265137,0.9860000014305115,0.8899999856948853,0.949999988079071,129900
2025-11-28,0.9599999785423279,1.0299999713897705,0.9599999785423279,0.9750000238418579,136600
2025-12-01,0.9700000286102295,1.1299999952316284,0.9700000286102295,0.9900000095367432,256800
2025-12-02,1.0399999618530273,1.0700000524520874,0.9700000286102295,1.0099999904632568,129100
2025-12-03,1.0199999809265137,1.0399999618530273,0.9909999966621399,1.0099999904632568,70300
2025-12-04,1,1.034999966621399,0.9599999785423279,1,94500
2025-12-05,1.0199999809265137,1.2000000476837158,0.9800000190734863,1,635500
2025-12-08,1.1100000143051147,1.2899999618530273,1.0199999809265137,1.2100000381469727,2351800
2025-12-09,1.2400000095367432,1.25,1.100000023841858,1.159999966621399,283500
2025-12-10,1.159999966621399,1.5399999618530273,1.090000033378601,1.4600000381469727,853100
2025-12-11,1.2799999713897705,1.4500000476837158,1.2599999904632568,1.309999942779541,495200
2025-12-12,1.5199999809265137,2.200000047683716,1.2899999618530273,1.5800000429153442,8337500
2025-12-15,1.5499999523162842,1.5499999523162842,1.2300000190734863,1.3300000429153442,884700
2025-12-16,1.3700000047683716,1.496999979019165,1.25,1.350000023841858,447300
2025-12-17,1.3200000524520874,1.440000057220459,1.2300000190734863,1.2400000095367432,402200
2025-12-18,1.2799999713897705,1.2799999713897705,1.100000023841858,1.1100000143051147,318600
2025-12-19,1.1200000047683716,1.159999966621399,1.0299999713897705,1.100000023841858,222600
2025-12-22,1.100000023841858,1.2960000038146973,1.100000023841858,1.190000057220459,221000
2025-12-23,1.2000000476837158,1.2699999809265137,1.149999976158142,1.1699999570846558,149400
2025-12-24,1.1699999570846558,1.2400000095367432,1.1699999570846558,1.2000000476837158,42100
2025-12-26,1.2000000476837158,1.2400000095367432,1.1799999475479126,1.2000000476837158,78900
2025-12-29,1.1799999475479126,1.215000033378601,1.0700000524520874,1.090000033378601,238000
2025-12-30,1.090000033378601,1.149999976158142,1.090000033378601,1.1100000143051147,64500
2025-12-31,1.0700000524520874,1.1299999952316284,1.0700000524520874,1.0800000429153442,95900
2026-01-02,1.090000033378601,1.149999976158142,1.090000033378601,1.1100000143051147,72100
2026-01-05,1.149999976158142,1.149999976158142,1.0700000524520874,1.100000023841858,172500
2026-01-06,1.090000033378601,1.1100000143051147,1.0399999618530273,1.0800000429153442,149800
2026-01-07,1.100000023841858,1.13100004196167,1.0700000524520874,1.1100000143051147,98500
2026-01-08,1.1100000143051147,1.1299999952316284,1.0800000429153442,1.1200000047683716,91000
2026-01-09,1.1200000047683716,1.1349999904632568,1.090000033378601,1.1299999952316284,88600
2026-01-12,1.100000023841858,1.1200000047683716,1.0800000429153442,1.100000023841858,40900
2026-01-13,1.100000023841858,1.100000023841858,1,1.0099999904632568,174800
2026-01-14,1.0199999809265137,1.0299999713897705,1,1.0299999713897705,73300
2026-01-15,1.0099999904632568,1.0399999618530273,0.8799999952316284,0.9350000023841858,226400
2026-01-16,0.953000009059906,0.9919999837875366,0.9100000262260437,0.9459999799728394,105900
2026-01-20,0.9700000286102295,0.9700000286102295,0.8999999761581421,0.9229999780654907,127500
2026-01-21,0.9150000214576721,0.9300000071525574,0.9100000262260437,0.9120000004768372,63600
2026-01-22,0.9399999976158142,0.949999988079071,0.9200000166893005,0.9210000038146973,35500
2026-01-23,0.9200000166893005,0.9200000166893005,0.8690000176429749,0.8870000243186951,168100
2026-01-26,0.8840000033378601,0.9240000247955322,0.8600000143051147,0.9020000100135803,116700
2026-01-27,0.8999999761581421,0.8999999761581421,0.8320000171661377,0.8700000047683716,125400
2026-01-28,0.8389999866485596,0.8889999985694885,0.8230000138282776,0.8730000257492065,80000
2026-01-29,0.8650000095367432,0.8799999952316284,0.8479999899864197,0.8650000095367432,41800
2026-01-30,0.859000027179718,1.100000023841858,0.8529999852180481,0.8899999856948853,704100
2026-02-02,0.878000020980835,0.9200000166893005,0.8500000238418579,0.9200000166893005,134200
2026-02-03,0.9200000166893005,0.9240000247955322,0.8550000190734863,0.8999999761581421,96400
2026-02-04,0.8610000014305115,0.8899999856948853,0.8130000233650208,0.8320000171661377,90700
2026-02-05,0.8199999928474426,0.8500000238418579,0.7889999747276306,0.8109999895095825,100000
2026-02-06,0.7900000214576721,0.8489999771118164,0.7799999713897705,0.8299999833106995,73500
2026-02-09,0.8799999952316284,0.921999990940094,0.8600000143051147,0.890999972820282,161700
2026-02-10,0.9139999747276306,0.9700000286102295,0.890999972820282,0.9340000152587891,147800
2026-02-11,0.9179999828338623,0.9950000047683716,0.9179999828338623,0.9509999752044678,113300
2026-02-12,0.9419999718666077,1.0099999904632568,0.8820000290870667,0.8849999904632568,87700
2026-02-13,0.8889999985694885,1.0499999523162842,0.8889999985694885,0.953000009059906,141100
2026-02-17,0.953000009059906,0.9599999785423279,0.9150000214576721,0.9330000281333923,41300
2026-02-18,0.9399999976158142,1.0299999713897705,0.9200000166893005,1.0199999809265137,299700
2026-02-19,0.9399999976158142,0.9800000190734863,0.9160000085830688,0.9670000076293945,68800
2026-02-20,0.9580000042915344,0.9900000095367432,0.9100000262260437,0.9120000004768372,38300
2026-02-23,0.9100000262260437,0.9800000190734863,0.8730000257492065,0.921999990940094,124400
2026-02-24,0.949999988079071,1.0499999523162842,0.921999990940094,1.0099999904632568,808400
2026-02-25,1.0199999809265137,1.1299999952316284,0.8970000147819519,1.1200000047683716,16579200
2026-02-26,1.1299999952316284,1.149999976158142,0.18000000715255737,0.20499999821186066,49101000
2026-02-27,0.1770000010728836,0.1770000010728836,0.1080000028014183,0.13099999725818634,20258700
2026-03-02,0.10599999874830246,0.11999999731779099,0.10300000011920929,0.11299999803304672,4489900
2026-03-03,0.10999999940395355,0.10999999940395355,0.07699999958276749,0.08699999749660492,7756100
2026-03-04,0.09300000220537186,0.14900000393390656,0.09000000357627869,0.10100000351667404,85043700
2026-03-05,0.10100000351667404,0.10999999940395355,0.09000000357627869,0.10100000351667404,10450200
2026-03-06,0.09399999678134918,0.11400000005960464,0.09000000357627869,0.10000000149011612,11104700
2026-03-09,0.0989999994635582,0.10199999809265137,0.09099999815225601,0.0989999994635582,2400000
2026-03-10,0.10400000214576721,0.10400000214576721,0.09099999815225601,0.09099999815225601,3296800
2026-03-11,0.09200000017881393,0.10499999672174454,0.09000000357627869,0.10100000351667404,3694200
2026-03-12,0.0949999988079071,0.0989999994635582,0.09099999815225601,0.09300000220537186,954000
2026-03-13,0.09300000220537186,0.10300000011920929,0.09099999815225601,0.10199999809265137,1764600
2026-03-16,0.10000000149011612,0.10000000149011612,0.09300000220537186,0.0949999988079071,937000
2026-03-17,0.10100000351667404,0.10599999874830246,0.0949999988079071,0.10000000149011612,1939800
2026-03-18,0.09799999743700027,0.10400000214576721,0.08900000154972076,0.09700000286102295,6229800
2026-03-19,0.0949999988079071,0.0949999988079071,0.08500000089406967,0.08699999749660492,1781000
2026-03-20,0.08900000154972076,0.08900000154972076,0.08500000089406967,0.08500000089406967,1623100
2026-03-23,0.0860000029206276,0.09799999743700027,0.07999999821186066,0.09799999743700027,1837700
2026-03-24,0.09600000083446503,0.10300000011920929,0.08799999952316284,0.09799999743700027,1840100
2026-03-25,0.09600000083446503,0.10199999809265137,0.09200000017881393,0.10199999809265137,2036600
2026-03-26,0.0989999994635582,0.0989999994635582,0.09200000017881393,0.09700000286102295,110300
2026-03-27,0.09700000286102295,0.11100000143051147,0.09399999678134918,0.10999999940395355,15151100
2026-03-30,0.09799999743700027,0.10199999809265137,0.09200000017881393,0.09799999743700027,1476700
2026-03-31,0.09399999678134918,0.1080000028014183,0.09399999678134918,0.1080000028014183,1161800
2026-04-01,0.10400000214576721,0.11500000208616257,0.09799999743700027,0.1080000028014183,1445600
2026-04-02,0.07500000298023224,0.12600000202655792,0.06599999964237213,0.09399999678134918,65988300
2026-04-06,0.03999999910593033,0.09700000286102295,0.035999998450279236,0.054999999701976776,4226300
2026-04-07,0.0560000017285347,0.0560000017285347,0.03400000184774399,0.03500000014901161,691400
2026-04-08,0.03500000014901161,0.03500000014901161,0.020999999716877937,0.020999999716877937,384100
2026-04-09,0.019999999552965164,0.04100000113248825,0.017000000923871994,0.017999999225139618,217000
2026-04-10,0.017999999225139618,0.05999999865889549,0.017999999225139618,0.03500000014901161,251400
2026-04-13,0.017000000923871994,0.03999999910593033,0.017000000923871994,0.03700000047683716,214800
2026-04-14,0.05999999865889549,0.05999999865889549,0.029999999329447746,0.041999999433755875,180700
2026-04-15,0.04100000113248825,0.07199999690055847,0.04100000113248825,0.054999999701976776,192300
2026-04-16,0.054999999701976776,0.09000000357627869,0.029999999329447746,0.07000000029802322,130600
2026-04-17,0.07000000029802322,0.0860000029206276,0.07000000029802322,0.0860000029206276,102100
2026-04-20,0.017999999225139618,0.11999999731779099,0.017999999225139618,0.09200000017881393,318500
2026-04-21,0.09200000017881393,0.11999999731779099,0.09200000017881393,0.0989999994635582,158300
2026-04-22,0.07000000029802322,0.0989999994635582,0.06300000101327896,0.09799999743700027,90600
2026-04-23,0.10000000149011612,0.1120000034570694,0.06300000101327896,0.10300000011920929,168700
2026-04-24,0.07000000029802322,0.11999999731779099,0.07000000029802322,0.11999999731779099,211600
2026-04-27,3.5999999046325684,3.9000000953674316,1.0499999523162842,3,9000
2026-04-28,2.700000047683716,2.990000009536743,1.1100000143051147,2.990000009536743,7100
2026-04-29,2.200000047683716,2.9800000190734863,2.200000047683716,2.9800000190734863,4800
2026-04-30,3.009999990463257,3.130000114440918,2.799999952316284,3,5900
2026-05-01,2.200000047683716,2.9100000858306885,2.200000047683716,2.9000000953674316,3900
2026-05-04,2.990000009536743,3.5,2.990000009536743,2.990000009536743,4500
2026-05-05,3.009999990463257,3.009999990463257,2.890000104904175,2.990000009536743,5900
2026-05-06,2.990000009536743,2.990000009536743,2.950000047683716,2.990000009536743,1600
2026-05-07,2.9000000953674316,2.990000009536743,2.9000000953674316,2.990000009536743,2400
2026-05-08,2.990000009536743,3.0999999046325684,2.5,3.0999999046325684,1400
2026-05-11,3,3,3,3,600
2026-05-12,2,2.5999999046325684,2,2.5999999046325684,600
2026-05-13,2.3399999141693115,2.9000000953674316,2.3399999141693115,2.799999952316284,2400
2026-05-14,2.799999952316284,2.799999952316284,2.799999952316284,2.799999952316284,0
2026-05-15,2.5999999046325684,2.9200000762939453,2.5999999046325684,2.9200000762939453,1500
2026-05-18,2.9200000762939453,2.9200000762939453,2.9200000762939453,2.9200000762939453,0
2026-05-19,2.9200000762939453,2.9200000762939453,2.9200000762939453,2.9200000762939453,0
2026-05-20,2.9200000762939453,2.9200000762939453,2.9200000762939453,2.9200000762939453,0
2026-05-21,1.4700000286102295,2.9000000953674316,1.4700000286102295,2.8499999046325684,1600
2026-05-22,1.4700000286102295,2.700000047683716,1.4700000286102295,2.700000047683716,900
2026-05-26,1.7400000095367432,2.700000047683716,1.7400000095367432,2.690000057220459,6000
2026-05-27,2.5999999046325684,2.5999999046325684,2,2.5899999141693115,1100
2026-05-28,2.5899999141693115,5,2.5899999141693115,5,45100
2026-05-29,7.800000190734863,10.630000114440918,6.239999771118164,7.730000019073486,3196000
2026-06-01,5.929999828338623,6.170000076293945,3.799999952316284,6.170000076293945,249100
2026-06-02,4.670000076293945,4.900000095367432,4.269999980926514,4.550000190734863,60700
2026-06-03,4.03000020980835,4.21999979019165,3.9000000953674316,3.940000057220459,31900
2026-06-04,3.819999933242798,3.9000000953674316,3.200000047683716,3.8399999141693115,51800
2026-06-05,3.684999942779541,3.684999942779541,3.240000009536743,3.390000104904175,26600
2026-06-08,3.190000057220459,3.690000057220459,3,3.619999885559082,29400
2026-06-09,3.440000057220459,3.5850000381469727,3.309999942779541,3.4200000762939453,21400
2026-06-10,4.730000019073486,5.889999866485596,3.25,3.25,17410800
2026-06-11,7.019999980926514,8.149999618530273,5.150000095367432,7.409999847412109,15059600
2026-06-12,6.28000020980835,7.400000095367432,5.639999866485596,7.340000152587891,434300
2026-06-15,6.429999828338623,8.699999809265137,6.429999828338623,8.369999885559082,1513800
2026-06-16,7.809999942779541,9.649999618530273,7.519999980926514,9.460000038146973,201200
2026-06-17,8.550000190734863,10.899999618530273,8.550000190734863,10.520000457763672,139400
2026-06-18,11.0600004196167,12.8100004196167,9.319999694824219,11.3100004196167,582400
2026-06-22,11.220000267028809,11.25,9.5,10.40999984741211,122100
2026-06-23,7.889999866485596,8.630000114440918,6.921999931335449,7.340000152587891,148100
2026-06-24,6.239999771118164,6.550000190734863,5.099999904632568,6.260000228881836,80600
2026-06-25,6.139999866485596,6.369999885559082,4.699999809265137,5.670000076293945,95800
2026-06-26,5.239999771118164,5.75,5.239999771118164,5.510000228881836,551100
2026-06-29,6.170000076293945,7.360000133514404,5.510000228881836,6.619999885559082,1853700
2026-06-30,5.96999979019165,6.610000133514404,5.75,6.610000133514404,68700
2026-07-01,6.110000133514404,6.599999904632568,6.019999980926514,6.46999979019165,32000
2026-07-02,6.170000076293945,6.579999923706055,5.840000152587891,6.579999923706055,15600
2026-07-06,6.449999809265137,7,6.349999904632568,7,24700
2026-07-07,6.789999961853027,6.929999828338623,6.349999904632568,6.747000217437744,28000
2026-07-08,6.400000095367432,6.570000171661377,6.005000114440918,6.21999979019165,32400
2026-07-09,6.340000152587891,6.534999847412109,5.809999942779541,5.809999942779541,39100
2026-07-10,5.820000171661377,6.369999885559082,5.800000190734863,6.340000152587891,45900
2026-07-13,6.349999904632568,6.369999885559082,5.989999771118164,6.010000228881836,22900
2026-07-14,6.309999942779541,6.396999835968018,5.849999904632568,6.03000020980835,27500
2026-07-15,6.300000190734863,6.489999771118164,5.949999809265137,6.480000019073486,42800
2026-07-16,6.139999866485596,6.590000152587891,5.510000228881836,6.090000152587891,27300
2026-07-17,7.050000190734863,7.099999904632568,6.349999904632568,6.949999809265137,17700
2026-07-20,6.610000133514404,6.925000190734863,5.730000019073486,5.739999771118164,36800
2026-07-21,5.670000076293945,5.929999828338623,5.28000020980835,5.53000020980835,43100
2026-07-22,5.070000171661377,5.360000133514404,3.9000000953674316,5.309999942779541,152700
2026-07-23,5.019999980926514,5.300000190734863,4.389999866485596,4.639999866485596,68900
2026-07-24,4.429999828338623,5.75,4.429999828338623,5.380000114440918,89400
2026-07-27,5.369999885559082,5.369999885559082,4.699999809265137,4.849999904632568,14300
2026-07-28,4.510000228881836,4.920000076293945,4.369999885559082,4.599999904632568,56500
2026-07-29,4.510000228881836,4.75,4.159999847412109,4.159999847412109,16200
2026-07-30,4.320000171661377,4.849999904632568,3.9000000953674316,4.590000152587891,29200
2026-07-31,4.829999923706055,4.829999923706055,4.539999961853027,4.559999942779541,11400
2026-08-03,4.420000076293945,4.619999885559082,4.389999866485596,4.409999847412109,4500
2026-08-04,4.46999979019165,4.670000076293945,4.179999828338623,4.300000190734863,18600
